,,,,,,
101.13.0.0,101.13.255.255,101.13.0.0,Taiwan Mobile,TW,466,97
2409:4053:581::,2409:4053:583:ffff:ffff:ffff:ffff:ffff,2409:4053::,Jio,IN,405,840
102.1.238.0,102.1.238.255,102.1.0.0,Airtel,KE,639,3
2607:fb90:e44a::,2607:fb90:e44a:ffff:ffff:ffff:ffff:ffff,2607:fb90:c000::,T-Mobile,US,310,53
186.12.8.0,186.12.20.255,186.12.0.0,Claro,AR,722,310
93.38.182.0,93.38.182.255,93.38.0.0,Fastweb,IT,222,8
86.137.172.0,86.137.172.255,86.137.0.0,BT,GB,234,76
187.63.95.0,187.63.95.255,187.63.0.0,Vivo,BR,724,6
105.166.21.0,105.166.27.255,105.166.0.0,Safaricom,KE,639,2
196.105.111.0,196.105.112.255,196.105.0.0,Safaricom,KE,639,1
91.129.101.0,91.129.103.255,91.129.0.0,Tele2 SWIPnet,SE,240,7
77.175.248.0,77.175.248.255,77.175.0.0,KPN,NL,204,8
27.60.67.0,27.60.67.255,27.60.0.0,Airtel,US,310,510
5.168.45.0,5.168.45.255,5.168.0.0,Telecom Italia Mobile,IT,220,1
2804:d4b:2221::,2804:d4b:2221:ffff:ffff:ffff:ffff:ffff,2804:d4b::,Oi,BR,724,30
2409:4072:8b::,2409:4072:94:ffff:ffff:ffff:ffff:ffff,2409:4072::,Jio,IN,405,840
196.236.0.0,196.236.3.255,196.236.0.0,Orange,TN,605,1
90.253.123.0,90.253.123.255,90.253.0.0,Vodafone UK,GB,234,7
2401:4900:27aa::,2401:4900:27aa:ffff:ffff:ffff:ffff:ffff,2401:4900::,Bharti Airtel,IN,470,7
2607:fb90:2a::,2607:fb90:2b:ffff:ffff:ffff:ffff:ffff,2607:fb90::,T-Mobile,US,310,160
223.184.236.0,223.184.236.255,223.184.0.0,Airtel,US,310,510
196.108.39.0,196.108.43.255,196.108.0.0,Safaricom,KE,639,1
196.96.124.0,196.96.127.255,196.96.0.0,Safaricom,KE,639,2
2a00:1fa2:4466::,2a00:1fa2:446a:ffff:ffff:ffff:ffff:ffff,2a00:1fa2:4000::,MTS,RU,250,1
2607:fb90:e426::,2607:fb90:e426:ffff:ffff:ffff:ffff:ffff,2607:fb90:c000::,T-Mobile,US,310,160
105.249.62.0,105.249.102.255,105.249.0.0,Vodacom,ZA,655,1
2607:fc20:ac29::,2607:fc20:ac2f:ffff:ffff:ffff:ffff:ffff,2607:fc20:8000::,T-Mobile,US,310,160
5.250.92.0,5.250.92.255,5.250.0.0,IR-TCI (Hamrah-e-Avval),IR,432,11
223.237.159.0,223.237.159.255,223.237.0.0,AirTel,IN,404,2
2607:fc20:4320::,2607:fc20:4320:ffff:ffff:ffff:ffff:ffff,2607:fc20:4000::,T-Mobile,US,310,160
240a:d:4858::,240a:d:485a:ffff:ffff:ffff:ffff:ffff,240a:d:4000::,NTT docomo,JP,440,10
196.232.212.0,196.232.214.255,196.232.0.0,Orange,TN,605,1
49.126.227.0,49.126.229.255,49.126.0.0,Ncell,NP,429,2
223.237.166.0,223.237.166.255,223.237.0.0,AirTel,IN,404,2
157.49.157.0,157.49.157.255,157.49.0.0,Jio,IN,405,861
2a04:cec0:10ad::,2a04:cec0:10ad:ffff:ffff:ffff:ffff:ffff,2a04:cec0::,Bouygues,FR,208,20
1.39.229.0,1.39.229.255,1.39.0.0,Vodafone India,IN,404,1
154.78.173.0,154.78.173.255,154.78.0.0,Safaricom,KE,639,1
2409:4053:28a::,2409:4053:28a:ffff:ffff:ffff:ffff:ffff,2409:4053::,Jio,IN,405,840
196.107.222.0,196.107.223.255,196.107.0.0,Safaricom,KE,639,1
177.51.0.0,177.51.23.255,177.51.0.0,TIM,BR,724,2
174.244.129.0,174.244.143.255,174.244.0.0,Verizon,US,311,480
223.185.38.0,223.185.38.255,223.185.0.0,Bharti Airtel,IN,470,7
2409:4010:d84::,2409:4010:d84:ffff:ffff:ffff:ffff:ffff,2409:4010::,Jio,IN,405,840
196.98.169.0,196.98.169.255,196.98.0.0,Safaricom,KE,639,2
2a00:1fa0:4a72::,2a00:1fa0:4a72:ffff:ffff:ffff:ffff:ffff,2a00:1fa0:4000::,MTS,RU,250,1
2a00:23c5:ec1f::,2a00:23c5:ec1f:ffff:ffff:ffff:ffff:ffff,2a00:23c5:c000::,BT,GB,234,76
2a00:1fa1:438b::,2a00:1fa1:438b:ffff:ffff:ffff:ffff:ffff,2a00:1fa1:4000::,MTS PJSC,RU,251,1
105.51.66.0,105.51.66.255,105.51.0.0,Safaricom,KE,639,2
2600:380:6791::,2600:380:6793:ffff:ffff:ffff:ffff:ffff,2600:380:4000::,AT&T,US,310,16
174.217.0.0,174.217.5.255,174.217.0.0,Verizon,US,311,480
154.107.23.0,154.107.23.255,154.107.0.0,OOREDOO TN,TN,605,3
2804:214:8143::,2804:214:8143:ffff:ffff:ffff:ffff:ffff,2804:214:8000::,TIM,BR,724,2
5.22.102.0,5.22.102.255,5.22.0.0,IR-TCI (Hamrah-e-Avval),IR,432,11
41.220.68.0,41.220.69.255,41.220.0.0,MTN,NG,621,30
102.56.116.0,102.56.117.255,102.56.0.0,Etisalat,EG,602,3
2409:4064:2e9c::,2409:4064:2e9c:ffff:ffff:ffff:ffff:ffff,2409:4064::,Jio,IN,405,840
154.230.8.0,154.230.9.255,154.230.0.0,Airtel,UG,641,1
2409:4066:18e::,2409:4066:18f:ffff:ffff:ffff:ffff:ffff,2409:4066::,Jio,IN,405,840
94.153.17.0,94.153.19.255,94.153.0.0,Kyivstar,UA,255,2
132.154.25.0,132.154.26.255,132.154.0.0,Jio,IN,405,840
2a01:4c8:1040::,2a01:4c8:1043:ffff:ffff:ffff:ffff:ffff,2a01:4c8::,EE,GB,235,1
2804:79e4:8001::,2804:79e4:8001:ffff:ffff:ffff:ffff:ffff,2804:79e4:8000::,Claro,BR,724,5
107.255.247.142,107.255.247.190,107.255.0.0,AT&T Mobility,US,310,410
2600:1002:b000::,2600:1002:b02f:ffff:ffff:ffff:ffff:ffff,2600:1002:8000::,Verizon,US,310,4
2a00:20:9021::,2a00:20:9021:ffff:ffff:ffff:ffff:ffff,2a00:20:8000::,Vodafone,HU,216,70
45.212.65.0,45.212.67.255,45.212.0.0,Airtel,ZM,645,1
147.147.61.0,147.147.61.255,147.147.0.0,Plusnet,GB,234,0
240b:c010:497::,240b:c010:497:ffff:ffff:ffff:ffff:ffff,240b:c010::,NTT docomo,JP,440,10
223.185.11.0,223.185.11.255,223.185.0.0,AirTel,IN,404,2
90.255.166.0,90.255.166.255,90.255.0.0,Vodafone UK,GB,234,7
189.51.149.0,189.51.149.255,189.51.0.0,Vivo,BR,724,6
2a01:73c0:208::,2a01:73c0:208:ffff:ffff:ffff:ffff:ffff,2a01:73c0::,Hot Mobile,IL,425,7
2607:fc20:e84c::,2607:fc20:e84d:ffff:ffff:ffff:ffff:ffff,2607:fc20:c000::,T-Mobile,US,310,160
151.254.144.0,151.254.144.255,151.254.0.0,Al Jawal (STC ),SA,420,1
93.137.96.0,93.137.96.255,93.137.0.0,Hrvatski Telekom,HR,219,1
2409:4002:2e8f::,2409:4002:2e90:ffff:ffff:ffff:ffff:ffff,2409:4002::,Jio,IN,405,840
181.46.68.0,181.46.68.255,181.46.0.0,Movistar,AR,722,10
2804:7f2:59c::,2804:7f2:59d:ffff:ffff:ffff:ffff:ffff,2804:7f2::,Vivo,BR,724,6
154.188.105.0,154.188.105.255,154.188.0.0,TE Data,EG,602,4
2601:5cb:4180::,2601:5cb:4180:ffff:ffff:ffff:ffff:ffff,2601:5cb:4000::,Verizon,US,310,4
178.171.198.0,178.171.198.255,178.171.0.0,Syrian%20Telecom,SY,417,9
117.249.209.0,117.249.209.255,117.249.0.0,cellone,IN,404,34
2603:6080:6908::,2603:6080:6908:ffff:ffff:ffff:ffff:ffff,2603:6080:4000::,Spectrum,US,312,500
37.152.203.0,37.152.203.255,37.152.0.0,Plusnet,GB,234,0
84.66.11.0,84.66.11.255,84.66.0.0,Vodafone UK,GB,234,7
5.109.230.0,5.109.243.255,5.109.0.0,Mobily,SA,420,3
81.129.146.0,81.129.146.255,81.129.0.0,BT,GB,234,76
156.185.234.0,156.185.234.255,156.185.0.0,Etisalat,EG,602,3
77.199.6.0,77.199.6.255,77.199.0.0,SFR,FR,208,8
196.105.187.0,196.105.188.255,196.105.0.0,Safaricom,KE,639,1
62.19.111.0,62.19.111.255,62.19.0.0,TIM,IT,222,1
2a00:1fa1:8671::,2a00:1fa1:8671:ffff:ffff:ffff:ffff:ffff,2a00:1fa1:8000::,MTS PJSC,RU,251,1
216.177.133.0,216.177.133.255,216.177.0.0,MTN Irancell,IR,432,35
31.78.52.0,31.78.52.255,31.78.0.0,EE,GB,235,1
86.173.20.0,86.173.20.255,86.173.0.0,BT,GB,234,76
41.115.58.0,41.115.58.255,41.115.0.0,MTN,ZA,655,10
93.36.169.0,93.36.169.255,93.36.0.0,Fastweb,IT,222,8
2602:306:342b::,2602:306:342b:ffff:ffff:ffff:ffff:ffff,2602:306::,T-Mobile,US,310,53
93.55.99.0,93.55.99.255,93.55.0.0,Fastweb,IT,222,8
170.82.254.0,170.82.254.255,170.82.0.0,Claro,BR,724,5
62.19.202.0,62.19.202.255,62.19.0.0,TIM,IT,222,1
154.229.174.0,154.229.174.255,154.229.0.0,MTN,UG,641,10
191.203.0.0,191.203.46.255,191.203.0.0,Vivo,BR,724,11
94.153.0.0,94.153.1.255,94.153.0.0,Kyivstar,UA,255,2
196.100.249.0,196.100.251.255,196.100.0.0,Safaricom,KE,639,2
2401:4900:3c70::,2401:4900:3c7f:ffff:ffff:ffff:ffff:ffff,2401:4900::,AirTel,IN,404,2
2a01:5ec0:7005::,2a01:5ec0:7005:ffff:ffff:ffff:ffff:ffff,2a01:5ec0:4000::,MTN Irancell,IR,432,35
109.159.34.0,109.159.34.255,109.159.0.0,BT,GB,234,76
166.193.71.0,166.193.71.111,166.193.0.0,AT&T Mobility,US,310,410
178.152.234.0,178.152.234.255,178.152.0.0,Ooredoo,MM,414,5
154.73.60.0,154.73.60.255,154.73.0.0,Orange,GW,632,3
154.78.143.0,154.78.143.255,154.78.0.0,Airtel,KE,639,3
109.82.93.0,109.82.93.255,109.82.0.0,Mobily,SA,420,3
2804:388:9050::,2804:388:9050:ffff:ffff:ffff:ffff:ffff,2804:388:8000::,Claro,BR,724,5
46.219.214.0,46.219.215.255,46.219.0.0,Kyivstar,UA,255,2
105.59.248.0,105.59.252.255,105.59.0.0,Safaricom,KE,639,2
171.254.129.0,171.254.129.255,171.254.0.0,Viettel Group,VN,452,4
2408:210:8ae5::,2408:210:8ae5:ffff:ffff:ffff:ffff:ffff,2408:210:8000::,NTT docomo,JP,440,10
2600:380:b35f::,2600:380:b35f:ffff:ffff:ffff:ffff:ffff,2600:380:8000::,AT&T,US,310,16
2409:4062:2391::,2409:4062:2391:ffff:ffff:ffff:ffff:ffff,2409:4062::,Jio,IN,405,840
90.255.100.0,90.255.100.255,90.255.0.0,Vodafone UK,GB,234,7
2a02:c7f:bcc1::,2a02:c7f:bcc1:ffff:ffff:ffff:ffff:ffff,2a02:c7f:8000::,Sky Broadband,GB,234,57
37.42.137.0,37.42.141.255,37.42.0.0,Mobily,SA,420,3
107.255.207.92,107.255.207.96,107.255.0.0,AT&T Mobility,US,310,410
179.71.192.0,179.71.255.255,179.71.0.0,Oi,BR,724,31
2409:4031:d18::,2409:4031:d18:ffff:ffff:ffff:ffff:ffff,2409:4031::,Jio,IN,405,840
154.226.66.0,154.226.66.255,154.226.0.0,MTN,UG,641,10
2400:4050:a682::,2400:4050:a682:ffff:ffff:ffff:ffff:ffff,2400:4050:8000::,au,JP,440,50
2600:100d:b0c6::,2600:100d:b0c6:ffff:ffff:ffff:ffff:ffff,2600:100d:8000::,Verizon,US,310,4
223.225.128.0,223.225.131.255,223.225.0.0,Airtel,US,310,510
79.117.82.0,79.117.82.255,79.117.0.0,Digi Romania,RO,226,5
51.252.56.0,51.252.56.255,51.252.0.0,Al Jawal (STC ),SA,420,1
2409:4072:609c::,2409:4072:609d:ffff:ffff:ffff:ffff:ffff,2409:4072:4000::,Jio,IN,405,840
190.237.93.0,190.237.93.255,190.237.0.0,Claro,PE,716,10
154.229.29.0,154.229.29.255,154.229.0.0,Airtel,UG,641,1
36.37.184.0,36.37.184.255,36.37.0.0,Cellcard,KH,456,1
190.76.127.0,190.76.127.255,190.76.0.0,Movilnet,VE,734,6
102.107.48.0,102.107.48.255,102.107.0.0,OOREDOO TN,TN,605,3
105.1.0.0,105.1.0.255,105.1.0.0,Cell C,ZA,655,7
84.71.232.0,84.71.232.255,84.71.0.0,Vodafone UK,GB,234,7
2a00:1fa1:8426::,2a00:1fa1:8427:ffff:ffff:ffff:ffff:ffff,2a00:1fa1:8000::,MTS,RU,250,1
129.45.108.0,129.45.108.255,129.45.0.0,Djezzy,DZ,603,2
191.65.163.0,191.65.216.255,191.65.0.0,Claro,CO,732,101
106.207.147.0,106.207.147.255,106.207.0.0,Airtel,US,310,510
86.189.148.0,86.189.148.255,86.189.0.0,BT,GB,234,76
86.167.103.0,86.167.103.255,86.167.0.0,BT,GB,234,76
85.254.73.0,85.254.73.255,85.254.0.0,LMT,LV,247,1
78.95.120.0,78.95.120.255,78.95.0.0,Al Jawal (STC ),SA,420,1
102.82.4.0,102.82.5.255,102.82.0.0,Airtel,UG,641,1
2a02:c7f:9e4b::,2a02:c7f:9e4b:ffff:ffff:ffff:ffff:ffff,2a02:c7f:8000::,Sky Broadband,GB,234,57
2402:8100:3870::,2402:8100:3870:ffff:ffff:ffff:ffff:ffff,2402:8100::,IDEA,IN,404,4
2600:380:195e::,2600:380:1965:ffff:ffff:ffff:ffff:ffff,2600:380::,AT&T,US,310,16
102.151.254.0,102.151.254.255,102.151.0.0,Airtel,ZM,645,1
102.82.8.0,102.82.9.255,102.82.0.0,Airtel,UG,641,1
154.156.103.0,154.156.103.255,154.156.0.0,Safaricom,KE,639,1
154.225.203.0,154.225.203.255,154.225.0.0,MTN,UG,641,10
2409:4070:2d14::,2409:4070:2d14:ffff:ffff:ffff:ffff:ffff,2409:4070::,Jio,IN,405,840
2601:982:380::,2601:982:380:ffff:ffff:ffff:ffff:ffff,2601:982::,T-Mobile,US,310,53
188.139.173.0,188.139.175.255,188.139.0.0,Syriatel,SY,417,1
2401:4900:4950::,2401:4900:495a:ffff:ffff:ffff:ffff:ffff,2401:4900:4000::,AirTel,IN,404,2
2401:4900:494a::,2401:4900:494a:ffff:ffff:ffff:ffff:ffff,2401:4900:4000::,AirTel,IN,404,2
2a02:c7f:4433::,2a02:c7f:4433:ffff:ffff:ffff:ffff:ffff,2a02:c7f:4000::,Sky Broadband,GB,234,57
46.154.184.0,46.154.255.255,46.154.0.0,Vodafone,TR,286,2
2a00:23c7:212e::,2a00:23c7:212e:ffff:ffff:ffff:ffff:ffff,2a00:23c7::,BT,GB,234,76
31.88.237.0,31.88.239.255,31.88.0.0,T-Mobile UK,GB,234,30
5.41.166.0,5.41.166.255,5.41.0.0,Al Jawal (STC ),SA,420,1
2a00:23c7:2a90::,2a00:23c7:2a90:ffff:ffff:ffff:ffff:ffff,2a00:23c7::,BT,GB,234,76
2.55.43.0,2.55.47.255,2.55.0.0,Partner,IL,425,1
102.85.123.0,102.85.123.255,102.85.0.0,Airtel,UG,641,1
175.176.40.0,175.176.41.255,175.176.0.0,Smart Communications,PH,515,3
102.60.51.0,102.60.51.255,102.60.0.0,Etisalat,EG,602,3
174.197.85.0,174.197.127.255,174.197.0.0,Verizon,US,311,480
223.230.153.0,223.230.153.255,223.230.0.0,AirTel,IN,405,52
47.15.125.0,47.15.127.255,47.15.0.0,Jio,IN,405,840
240a:2:4834::,240a:2:4836:ffff:ffff:ffff:ffff:ffff,240a:2:4000::,NTT docomo,JP,440,10
160.167.83.0,160.167.83.255,160.167.0.0,IAM,MA,604,1
42.111.100.0,42.111.104.255,42.111.0.0,Vodafone India,IN,404,20
117.236.136.0,117.236.159.255,117.236.0.0,cellone,IN,404,80
102.171.83.0,102.171.94.255,102.171.0.0,OOREDOO TN,TN,605,3
190.152.206.0,190.152.211.255,190.152.0.0,Movistar,EC,740,
190.167.254.0,190.167.255.255,190.167.0.0,Claro,DO,370,2
2607:fc20:b2ea::,2607:fc20:b2ef:ffff:ffff:ffff:ffff:ffff,2607:fc20:8000::,T-Mobile,US,310,160
197.16.73.0,197.16.74.255,197.16.0.0,OOREDOO TN,TN,605,3
5.169.131.0,5.169.131.255,5.169.0.0,TIM,IT,222,1
46.125.0.0,46.125.248.255,46.125.0.0,Magenta,AT,232,3
107.248.27.230,107.248.255.255,107.248.0.0,AT&T Mobility,US,310,410
223.228.247.0,223.228.248.255,223.228.0.0,AirTel,IN,405,52
102.62.198.0,102.62.198.255,102.62.0.0,Etisalat,EG,602,3
112.79.234.0,112.79.234.255,112.79.0.0,Vodafone India,IN,404,15
69.17.192.0,69.17.223.255,69.17.0.0,One,BM,350,
223.176.53.0,223.176.53.255,223.176.0.0,AirTel,IN,404,2
105.35.0.0,105.35.29.255,105.35.0.0,Orange,EG,602,1
93.110.105.0,93.110.105.255,93.110.0.0,IR-TCI (Hamrah-e-Avval),IR,432,11
158.148.195.0,158.148.198.255,158.148.0.0,Telecom Italia Mobile,IT,220,1
152.207.147.0,152.207.147.255,152.207.0.0,CUBACEL,CU,368,1
82.132.219.0,82.132.219.255,82.132.0.0,O2 (UK),GB,234,2
2a01:cb09:b011::,2a01:cb09:b011:ffff:ffff:ffff:ffff:ffff,2a01:cb09:8000::,Orange,FR,208,1
2601:40b:4102::,2601:40b:4102:ffff:ffff:ffff:ffff:ffff,2601:40b:4000::,Boost Mobile,US,311,870
31.127.199.0,31.127.199.255,31.127.0.0,EE,GB,235,1
102.147.157.0,102.147.158.255,102.147.0.0,Airtel,ZM,645,1
223.186.104.0,223.186.104.255,223.186.0.0,Airtel,US,310,510
240a:6b:b10::,240a:6b:b10:ffff:ffff:ffff:ffff:ffff,240a:6b::,NTT docomo,JP,440,10
2603:6010:6100::,2603:6010:6100:ffff:ffff:ffff:ffff:ffff,2603:6010:4000::,Spectrum,US,312,500
174.245.67.0,174.245.79.255,174.245.0.0,Verizon,US,311,480
2600:380:4d25::,2600:380:4d29:ffff:ffff:ffff:ffff:ffff,2600:380:4000::,AT&T,US,310,16
2607:fb90:98d7::,2607:fb90:98d8:ffff:ffff:ffff:ffff:ffff,2607:fb90:8000::,T-Mobile,US,310,160
2a00:1fa1:c28d::,2a00:1fa1:c28d:ffff:ffff:ffff:ffff:ffff,2a00:1fa1:c000::,MTS,RU,250,1
2806:2f0:30e0::,2806:2f0:30e0:ffff:ffff:ffff:ffff:ffff,2806:2f0::,Telcel,MX,334,20
2a02:587:2f63::,2a02:587:2f63:ffff:ffff:ffff:ffff:ffff,2a02:587::,Cosmote,GR,202,1
175.176.25.0,175.176.25.255,175.176.0.0,SMART,PH,515,3
149.147.67.0,149.147.67.255,149.147.0.0,zain KW,KW,419,2
77.165.50.0,77.165.50.255,77.165.0.0,KPN,NL,204,8
2600:380:5c2b::,2600:380:5c2b:ffff:ffff:ffff:ffff:ffff,2600:380:4000::,AT&T,US,310,16
197.129.146.0,197.129.146.255,197.129.0.0,IAM,MA,604,1
154.145.28.0,154.145.29.255,154.145.0.0,IAM,MA,604,1
77.169.152.0,77.169.152.255,77.169.0.0,KPN,NL,204,8
86.184.161.0,86.184.161.255,86.184.0.0,BT,GB,234,76
102.83.122.0,102.83.122.255,102.83.0.0,Airtel,UG,641,1
2607:fb90:2e6c::,2607:fb90:2e6c:ffff:ffff:ffff:ffff:ffff,2607:fb90::,T-Mobile,US,310,53
174.193.146.0,174.193.146.255,174.193.0.0,Verizon,US,311,480
2607:fb90:2068::,2607:fb90:2069:ffff:ffff:ffff:ffff:ffff,2607:fb90::,T-Mobile,US,310,53
47.15.134.0,47.15.134.255,47.15.0.0,Jio,IN,405,840
2601:446:4200::,2601:446:4200:ffff:ffff:ffff:ffff:ffff,2601:446:4000::,T-Mobile,US,310,53
2804:14d:90a8::,2804:14d:90a8:ffff:ffff:ffff:ffff:ffff,2804:14d:8000::,Claro,BR,724,5
130.180.165.0,130.180.168.255,130.180.0.0,Syrian%20Telecom,SY,417,9
166.173.188.0,166.173.247.255,166.173.0.0,AT&T Mobility,US,310,410
27.56.221.0,27.56.224.255,27.56.0.0,AirTel,IN,404,2
2405:204:210::,2405:204:210:ffff:ffff:ffff:ffff:ffff,2405:204::,Jio,IN,405,840
172.58.106.0,172.58.106.255,172.58.0.0,Metro by T-Mobile,US,311,660
102.147.242.0,102.147.242.255,102.147.0.0,MTN,ZM,645,2
5.246.86.0,5.246.86.255,5.246.0.0,Mobily,SA,420,3
2607:fb90:62a2::,2607:fb90:62a2:ffff:ffff:ffff:ffff:ffff,2607:fb90:4000::,T-Mobile,US,310,160
2401:4900:32ad::,2401:4900:32ad:ffff:ffff:ffff:ffff:ffff,2401:4900::,AirTel,IN,404,2
196.102.161.0,196.102.161.255,196.102.0.0,Safaricom,KE,639,1
191.71.0.0,191.71.255.255,191.71.0.0,Claro,CO,732,101
94.47.247.0,94.47.247.255,94.47.0.0,Syriatel,SY,417,1
151.254.127.0,151.254.127.255,151.254.0.0,Al Jawal (STC ),SA,420,1
197.183.206.0,197.183.207.255,197.183.0.0,Safaricom,KE,639,1
5.244.51.0,5.244.55.255,5.244.0.0,Mobily,SA,420,3
160.170.136.0,160.170.145.255,160.170.0.0,IAM,MA,604,1
31.218.156.0,31.218.180.255,31.218.0.0,Etisalat,AE,424,2
2409:4072:6317::,2409:4072:6319:ffff:ffff:ffff:ffff:ffff,2409:4072:4000::,Jio,IN,405,840
90.253.119.0,90.253.119.255,90.253.0.0,Vodafone UK,GB,234,7
109.146.80.0,109.146.80.255,109.146.0.0,BT,GB,234,76
196.106.189.0,196.106.191.255,196.106.0.0,Safaricom,KE,639,2
2409:4021:2eb7::,2409:4021:2eb7:ffff:ffff:ffff:ffff:ffff,2409:4021::,Jio,IN,405,840
171.225.250.0,171.225.250.255,171.225.0.0,MobiFone,VN,452,1
202.93.153.0,202.93.153.255,202.93.0.0,"Smart Axiata Co.,Ltd",KH,456,2
171.48.70.0,171.48.70.255,171.48.0.0,Bharti Airtel,IN,470,7
105.128.92.0,105.128.92.255,105.128.0.0,IAM,MA,604,1
2409:4055:2e9d::,2409:4055:2e9e:ffff:ffff:ffff:ffff:ffff,2409:4055::,Jio,IN,405,840
62.19.224.0,62.19.225.255,62.19.0.0,Telecom Italia Mobile,IT,220,1
2401:4900:2081::,2401:4900:2081:ffff:ffff:ffff:ffff:ffff,2401:4900::,AirTel,IN,404,2
177.73.99.0,177.73.100.255,177.73.0.0,TIM,BR,724,2
105.34.214.0,105.34.255.255,105.34.0.0,Orange,EG,602,1
178.52.203.0,178.52.204.255,178.52.0.0,Syrian%20Telecom,SY,417,9
102.244.88.0,102.244.88.255,102.244.0.0,Orange,CM,624,2
181.108.49.0,181.108.50.255,181.108.0.0,Personal,AR,722,34
2409:4050:d9c::,2409:4050:d9c:ffff:ffff:ffff:ffff:ffff,2409:4050::,Jio,IN,405,840
5.169.110.0,5.169.110.255,5.169.0.0,TIM,IT,222,1
2401:4900:16dd::,2401:4900:16dd:ffff:ffff:ffff:ffff:ffff,2401:4900::,AirTel,IN,404,2
157.32.91.0,157.32.91.255,157.32.0.0,Jio,IN,405,840
2a01:cb06:688::,2a01:cb06:688:ffff:ffff:ffff:ffff:ffff,2a01:cb06::,Orange,FR,208,1
2409:4032:6c98::,2409:4032:6c99:ffff:ffff:ffff:ffff:ffff,2409:4032:4000::,Jio,IN,405,840
81.136.166.0,81.136.166.255,81.136.0.0,BT,GB,234,76
2603:7000:6303::,2603:7000:6303:ffff:ffff:ffff:ffff:ffff,2603:7000:4000::,T-Mobile,US,310,53
2600:380:b826::,2600:380:b826:ffff:ffff:ffff:ffff:ffff,2600:380:8000::,AT&T,US,310,16
117.20.41.0,117.20.41.255,117.20.0.0,Telkomsel,ID,510,10
2a00:23c8:4200::,2a00:23c8:4200:ffff:ffff:ffff:ffff:ffff,2a00:23c8:4000::,BT,GB,234,76
102.169.93.0,102.169.95.255,102.169.0.0,OOREDOO TN,TN,605,3
182.1.33.0,182.1.37.255,182.1.0.0,Telkomsel,ID,510,10
86.181.208.0,86.181.208.255,86.181.0.0,BT,GB,234,76
2804:d4b:976f::,2804:d4b:976f:ffff:ffff:ffff:ffff:ffff,2804:d4b:8000::,Claro,BR,724,5
2a00:1fa1:860f::,2a00:1fa1:860f:ffff:ffff:ffff:ffff:ffff,2a00:1fa1:8000::,MTS,RU,250,1
2a00:23c5:811b::,2a00:23c5:811b:ffff:ffff:ffff:ffff:ffff,2a00:23c5:8000::,BT,GB,234,76
2603:9008:1e04::,2603:9008:1e04:ffff:ffff:ffff:ffff:ffff,2603:9008::,Spectrum,US,312,500
158.148.143.0,158.148.143.255,158.148.0.0,Telecom Italia Mobile,IT,220,1
178.100.173.0,178.100.182.255,178.100.0.0,T-Mobile UK,GB,234,30
223.188.0.0,223.188.15.255,223.188.0.0,AirTel,IN,404,70
112.78.84.0,112.78.85.255,112.78.0.0,T Star,TW,466,89
2607:fb90:1d00::,2607:fb90:1d00:ffff:ffff:ffff:ffff:ffff,2607:fb90::,T-Mobile,US,310,53
196.91.231.0,196.91.231.255,196.91.0.0,IAM,MA,604,1
2409:4064:9::,2409:4064:9:ffff:ffff:ffff:ffff:ffff,2409:4064::,Jio,IN,405,840
2a00:23c6:f42b::,2a00:23c6:f42b:ffff:ffff:ffff:ffff:ffff,2a00:23c6:c000::,BT,GB,234,76
2607:fb90:723a::,2607:fb90:723b:ffff:ffff:ffff:ffff:ffff,2607:fb90:4000::,T-Mobile,US,310,160
2607:fb90:5090::,2607:fb90:509e:ffff:ffff:ffff:ffff:ffff,2607:fb90:4000::,T-Mobile,US,310,160
157.32.123.0,157.32.123.255,157.32.0.0,Jio,IN,405,840
146.251.6.0,146.251.6.255,146.251.0.0,Mobily,SA,420,3
129.45.49.0,129.45.50.255,129.45.0.0,Optimum-Telecom-Algeria,DZ,603,2
105.53.126.0,105.53.127.255,105.53.0.0,Safaricom,KE,639,2
2409:4064:58d::,2409:4064:58d:ffff:ffff:ffff:ffff:ffff,2409:4064::,Jio,IN,405,840
115.80.0.0,115.80.255.255,115.80.0.0,Taiwan Mobile,TW,466,97
1.150.0.0,1.150.255.255,1.150.0.0,Telstra,AU,505,1
2409:4055:4ebc::,2409:4055:4ebd:ffff:ffff:ffff:ffff:ffff,2409:4055:4000::,Jio,IN,405,840
93.169.121.0,93.169.122.255,93.169.0.0,SaudiNet,SA,420,1
196.109.221.0,196.109.222.255,196.109.0.0,Safaricom,KE,639,2
2a00:1fa2:c223::,2a00:1fa2:c223:ffff:ffff:ffff:ffff:ffff,2a00:1fa2:c000::,MTS,RU,250,1
105.135.141.0,105.135.181.255,105.135.0.0,IAM,MA,604,1
176.215.230.0,176.215.230.255,176.215.0.0,Tele2,RU,250,20
2600:380:5fec::,2600:380:5fec:ffff:ffff:ffff:ffff:ffff,2600:380:4000::,AT&T,US,310,16
2405:3800:905::,2405:3800:905:ffff:ffff:ffff:ffff:ffff,2405:3800::,U Mobile,MY,502,18
188.170.193.0,188.170.193.255,188.170.0.0,MegaFon,RU,250,2
154.159.207.0,154.159.207.255,154.159.0.0,Safaricom,KE,639,1
2409:4071:238b::,2409:4071:238d:ffff:ffff:ffff:ffff:ffff,2409:4071::,Jio,IN,405,840
174.204.148.0,174.204.148.255,174.204.0.0,Verizon,US,311,480
37.39.9.0,37.39.16.255,37.39.0.0,zain KW,KW,419,2
37.166.240.0,37.166.255.255,37.166.0.0,Free,FR,208,15
105.202.255.0,105.202.255.255,105.202.0.0,Etisalat,EG,602,3
2401:4900:33be::,2401:4900:33be:ffff:ffff:ffff:ffff:ffff,2401:4900::,AirTel,IN,404,2
2607:fb90:ac1d::,2607:fb90:ac1d:ffff:ffff:ffff:ffff:ffff,2607:fb90:8000::,T-Mobile,US,310,160
2402:6b00:7e09::,2402:6b00:7e09:ffff:ffff:ffff:ffff:ffff,2402:6b00:4000::,au,JP,440,50
2607:fb90:a357::,2607:fb90:a357:ffff:ffff:ffff:ffff:ffff,2607:fb90:8000::,T-Mobile,US,310,160
112.79.224.0,112.79.224.255,112.79.0.0,Vodafone India,IN,404,15
46.114.194.0,46.114.194.255,46.114.0.0,PremiumSIM,DE,262,3
106.133.26.0,106.133.26.255,106.133.0.0,au,JP,440,51
2607:fb90:e6e0::,2607:fb90:e6ef:ffff:ffff:ffff:ffff:ffff,2607:fb90:c000::,T-Mobile,US,310,160
2a00:1fa1:c257::,2a00:1fa1:c257:ffff:ffff:ffff:ffff:ffff,2a00:1fa1:c000::,MTS PJSC,RU,251,1
109.249.185.0,109.249.185.255,109.249.0.0,EE,GB,235,1
2600:380:a394::,2600:380:a395:ffff:ffff:ffff:ffff:ffff,2600:380:8000::,AT&T,US,310,16
102.150.226.0,102.150.226.255,102.150.0.0,Airtel,ZM,645,1
197.177.192.0,197.177.193.255,197.177.0.0,Safaricom,KE,639,1
151.231.106.0,151.231.106.255,151.231.0.0,Sky Broadband,GB,234,57
102.62.209.0,102.62.209.255,102.62.0.0,Etisalat,EG,602,3
31.52.206.0,31.52.206.255,31.52.0.0,BT,GB,234,76
86.115.118.0,86.115.119.255,86.115.0.0,Telia,FI,244,91
2a00:1fa0:adf::,2a00:1fa0:ae0:ffff:ffff:ffff:ffff:ffff,2a00:1fa0::,MTS,RU,250,1
86.115.103.0,86.115.103.255,86.115.0.0,Telia,FI,244,91
95.149.92.0,95.149.92.255,95.149.0.0,T-Mobile UK,GB,234,30
196.97.252.0,196.97.252.255,196.97.0.0,Safaricom,KE,639,2
188.229.248.0,188.229.254.255,188.229.0.0,Syrian%20Telecom,SY,417,9
2401:4900:444f::,2401:4900:444f:ffff:ffff:ffff:ffff:ffff,2401:4900:4000::,AirTel,IN,404,2
2401:4900:3620::,2401:4900:3620:ffff:ffff:ffff:ffff:ffff,2401:4900::,Airtel,US,310,510
2607:fc20:a8fc::,2607:fc20:a8fd:ffff:ffff:ffff:ffff:ffff,2607:fc20:8000::,T-Mobile,US,310,160
105.165.204.0,105.165.205.255,105.165.0.0,Safaricom,KE,639,2
95.147.113.0,95.147.114.255,95.147.0.0,EE,GB,235,1
2001:e60:1066::,2001:e60:1066:ffff:ffff:ffff:ffff:ffff,2001:e60::,Korea Telecom,KR,450,5
160.167.117.0,160.167.117.255,160.167.0.0,IAM,MA,604,1
196.104.223.0,196.104.223.255,196.104.0.0,Safaricom,KE,639,1
78.95.232.0,78.95.234.255,78.95.0.0,SaudiNet,SA,420,1
47.31.140.0,47.31.140.255,47.31.0.0,Vodafone India,IN,404,11
2a02:c7f:de68::,2a02:c7f:de68:ffff:ffff:ffff:ffff:ffff,2a02:c7f:c000::,Sky Broadband,GB,234,57
95.146.139.0,95.146.139.255,95.146.0.0,EE,GB,235,1
190.150.249.0,190.150.249.255,190.150.0.0,movistar,SV,706,4
2607:fb90:17c4::,2607:fb90:17c7:ffff:ffff:ffff:ffff:ffff,2607:fb90::,T-Mobile,US,310,160
2401:4900:32bf::,2401:4900:32bf:ffff:ffff:ffff:ffff:ffff,2401:4900::,Bharti Airtel,IN,470,7
93.137.64.0,93.137.72.255,93.137.0.0,Hrvatski Telekom,HR,219,1
154.108.149.0,154.108.152.255,154.108.0.0,OOREDOO TN,TN,605,3
2600:380:9f96::,2600:380:9f97:ffff:ffff:ffff:ffff:ffff,2600:380:8000::,AT&T,US,310,16
2804:389:d046::,2804:389:d046:ffff:ffff:ffff:ffff:ffff,2804:389:c000::,Claro,BR,724,5
2400:4165:185f::,2400:4165:185f:ffff:ffff:ffff:ffff:ffff,2400:4165::,au,JP,440,50
105.49.6.0,105.49.7.255,105.49.0.0,Safaricom,KE,639,2
196.80.96.0,196.80.127.255,196.80.0.0,IAM,MA,604,1
5.168.242.0,5.168.242.255,5.168.0.0,TIM,IT,222,1
154.155.98.0,154.155.98.255,154.155.0.0,Airtel,KE,639,3
102.63.69.0,102.63.70.255,102.63.0.0,Etisalat,EG,602,3
2.55.32.0,2.55.32.255,2.55.0.0,012 Mobile,IL,425,24
5.109.41.0,5.109.49.255,5.109.0.0,Mobily,SA,420,3
197.16.144.0,197.16.167.255,197.16.0.0,OOREDOO TN,TN,605,3
37.166.52.0,37.166.52.255,37.166.0.0,LycaMobile,FR,208,25
2a02:c7f:d05c::,2a02:c7f:d05c:ffff:ffff:ffff:ffff:ffff,2a02:c7f:c000::,Sky Broadband,GB,234,57
186.185.143.0,186.185.150.255,186.185.0.0,Telefonica Venezolana,VE,734,4
154.152.158.0,154.152.158.255,154.152.0.0,Airtel,KE,639,3
2409:4033:2e95::,2409:4033:2e95:ffff:ffff:ffff:ffff:ffff,2409:4033::,Jio,IN,405,840
2409:4061:218::,2409:4061:218:ffff:ffff:ffff:ffff:ffff,2409:4061::,Jio,IN,405,840
31.64.235.0,31.64.244.255,31.64.0.0,Orange,GB,234,33
106.77.88.0,106.77.89.255,106.77.0.0,IDEA,IN,404,24
2a00:23c7:2085::,2a00:23c7:2085:ffff:ffff:ffff:ffff:ffff,2a00:23c7::,BT,GB,234,76
2401:4900:38f8::,2401:4900:38f8:ffff:ffff:ffff:ffff:ffff,2401:4900::,AirTel,IN,404,2
95.186.100.0,95.186.100.255,95.186.0.0,SaudiNet,SA,420,1
2001:56f:fd4b::,2001:56f:fd4c:ffff:ffff:ffff:ffff:ffff,2001:56f:c000::,Telus,CA,302,221
196.236.117.0,196.236.122.255,196.236.0.0,Orange,TN,605,1
2a02:587:7928::,2a02:587:7928:ffff:ffff:ffff:ffff:ffff,2a02:587:4000::,Cosmote,GR,202,1
2401:4900:2597::,2401:4900:2597:ffff:ffff:ffff:ffff:ffff,2401:4900::,Airtel,US,310,510
31.22.203.0,31.22.203.255,31.22.0.0,UZO,PT,268,6
31.0.3.0,31.0.3.255,31.0.0.0,Plus,PL,260,1
2401:4900:2322::,2401:4900:2322:ffff:ffff:ffff:ffff:ffff,2401:4900::,AirTel,IN,404,2
223.187.179.0,223.187.179.255,223.187.0.0,AirTel,IN,405,52
197.255.230.0,197.255.230.255,197.255.0.0,HURI,KM,654,1
95.144.60.0,95.144.60.255,95.144.0.0,EE,GB,235,1
188.155.160.0,188.155.160.255,188.155.0.0,Sunrise Communications AG,CH,228,2
117.225.4.0,117.225.5.255,117.225.0.0,cellone,IN,404,34
174.192.214.0,174.192.255.255,174.192.0.0,Verizon,US,311,480
223.186.139.0,223.186.139.255,223.186.0.0,AirTel,IN,404,2
37.43.0.0,37.43.0.255,37.43.0.0,Mobily,SA,420,3
105.248.53.0,105.248.61.255,105.248.0.0,Vodacom,ZA,655,1
109.82.161.0,109.82.162.255,109.82.0.0,Mobily,SA,420,3
2409:4002:4d89::,2409:4002:4d8d:ffff:ffff:ffff:ffff:ffff,2409:4002:4000::,Jio,IN,405,840
106.108.0.0,106.108.255.255,106.108.0.0,China Telecom,CN,460,11
240b:12:29c1::,240b:12:29c1:ffff:ffff:ffff:ffff:ffff,240b:12::,NTT docomo,JP,440,10
2001:e60:a725::,2001:e60:a725:ffff:ffff:ffff:ffff:ffff,2001:e60:8000::,Korea Telecom,KR,450,5
240a:2:48c8::,240a:2:48ca:ffff:ffff:ffff:ffff:ffff,240a:2:4000::,NTT docomo,JP,440,10
157.48.94.0,157.48.94.255,157.48.0.0,Jio,IN,405,840
41.81.113.0,41.81.113.255,41.81.0.0,Safaricom,KE,639,1
107.255.127.229,107.255.127.229,107.255.0.0,AT&T Mobility,US,310,410
212.35.172.0,212.35.173.255,212.35.0.0,Rostelecom,RU,250,39
5.108.0.0,5.108.5.255,5.108.0.0,Mobily,SA,420,3
185.48.36.0,185.48.36.255,185.48.0.0,MTS,RU,250,1
2409:4064:250d::,2409:4064:250d:ffff:ffff:ffff:ffff:ffff,2409:4064::,Jio,IN,405,840
109.161.158.0,109.161.160.255,109.161.0.0,zain BH,BH,426,2
105.62.122.0,105.62.124.255,105.62.0.0,Safaricom,KE,639,2
196.232.167.0,196.232.168.255,196.232.0.0,Orange,TN,605,1
167.250.174.0,167.250.174.255,167.250.0.0,Vivo,BR,724,6
2a02:c7f:7caa::,2a02:c7f:7caa:ffff:ffff:ffff:ffff:ffff,2a02:c7f:4000::,Sky Broadband,GB,234,57
2607:fb90:a08f::,2607:fb90:a08f:ffff:ffff:ffff:ffff:ffff,2607:fb90:8000::,T-Mobile,US,310,53
2a02:c7f:6e2d::,2a02:c7f:6e2d:ffff:ffff:ffff:ffff:ffff,2a02:c7f:4000::,Sky Broadband,GB,234,57
2a02:c7f:cb17::,2a02:c7f:cb17:ffff:ffff:ffff:ffff:ffff,2a02:c7f:c000::,Sky Broadband,GB,234,57
2409:4070:2285::,2409:4070:2285:ffff:ffff:ffff:ffff:ffff,2409:4070::,Jio,IN,405,840
2409:4010:2e3f::,2409:4010:2e3f:ffff:ffff:ffff:ffff:ffff,2409:4010::,Jio,IN,405,840
105.34.117.0,105.34.198.255,105.34.0.0,Orange,EG,602,1
174.217.6.0,174.217.6.255,174.217.0.0,Verizon,US,310,4
5.169.91.0,5.169.93.255,5.169.0.0,TIM,IT,222,1
102.62.99.0,102.62.99.255,102.62.0.0,Etisalat,EG,602,3
223.181.4.0,223.181.4.255,223.181.0.0,AirTel,IN,404,2
102.84.0.0,102.84.0.255,102.84.0.0,Airtel,UG,641,1
223.206.248.0,223.206.249.255,223.206.0.0,AIS,TH,520,1
2001:8f8:1d36::,2001:8f8:1d36:ffff:ffff:ffff:ffff:ffff,2001:8f8::,Emirates Telecommunications Corporation,AE,424,2
2a00:1370:8120::,2a00:1370:8120:ffff:ffff:ffff:ffff:ffff,2a00:1370:8000::,Beeline,RU,250,28
2a01:4c8:c20::,2a01:4c8:c2a:ffff:ffff:ffff:ffff:ffff,2a01:4c8::,EE,GB,235,1
105.58.165.0,105.58.172.255,105.58.0.0,Safaricom,KE,639,2
157.40.142.0,157.40.142.255,157.40.0.0,Jio,IN,405,840
106.219.151.0,106.219.151.255,106.219.0.0,AirTel,IN,404,2
191.95.130.0,191.95.130.255,191.95.0.0,Tigo,CO,732,20
187.190.28.0,187.190.29.255,187.190.0.0,Telcel,MX,334,20
2409:4051:2eca::,2409:4051:2eca:ffff:ffff:ffff:ffff:ffff,2409:4051::,Jio,IN,405,840
2401:4900:22a0::,2401:4900:22a1:ffff:ffff:ffff:ffff:ffff,2401:4900::,Airtel,US,310,510
186.44.102.0,186.44.103.255,186.44.0.0,Digicel,TT,374,13
105.165.199.0,105.165.200.255,105.165.0.0,Safaricom,KE,639,1
2804:a54:11::,2804:a54:11:ffff:ffff:ffff:ffff:ffff,2804:a54::,Claro,BR,724,5
2a00:23c7:acc4::,2a00:23c7:acc4:ffff:ffff:ffff:ffff:ffff,2a00:23c7:8000::,BT,GB,234,76
156.182.237.0,156.182.238.255,156.182.0.0,Etisalat,EG,602,3
2607:fc20:ab28::,2607:fc20:ab28:ffff:ffff:ffff:ffff:ffff,2607:fc20:8000::,T-Mobile,US,310,160
102.80.19.0,102.80.19.255,102.80.0.0,Airtel,UG,641,1
176.83.110.0,176.83.114.255,176.83.0.0,Movistar,ES,214,7
2a00:23a8:d00::,2a00:23a8:d00:ffff:ffff:ffff:ffff:ffff,2a00:23a8::,BT,GB,234,76
174.253.136.0,174.253.136.255,174.253.0.0,Verizon,US,310,4
176.16.207.0,176.16.207.255,176.16.0.0,Mobily,SA,420,3
107.255.222.56,107.255.224.180,107.255.0.0,AT&T Mobility,US,310,410
176.18.166.0,176.18.169.255,176.18.0.0,Mobily,SA,420,3
2405:204:21a6::,2405:204:21a6:ffff:ffff:ffff:ffff:ffff,2405:204::,Jio,IN,405,840
203.81.71.0,203.81.71.255,203.81.0.0,MPT,MM,414,1
37.216.3.0,37.216.4.255,37.216.0.0,Mobily,SA,420,3
2601:84:c700::,2601:84:c700:ffff:ffff:ffff:ffff:ffff,2601:84:c000::,Verizon,US,310,4
2a00:1fa0:84ab::,2a00:1fa0:84ab:ffff:ffff:ffff:ffff:ffff,2a00:1fa0:8000::,MTS PJSC,RU,251,1
196.229.233.0,196.229.233.255,196.229.0.0,OOREDOO TN,TN,605,3
2603:9001:f00::,2603:9001:f00:ffff:ffff:ffff:ffff:ffff,2603:9001::,T-Mobile,US,310,53
2804:389:104d::,2804:389:104e:ffff:ffff:ffff:ffff:ffff,2804:389::,Claro,BR,724,5
42.111.126.0,42.111.127.255,42.111.0.0,Vodafone India,IN,404,20
2409:4053:79e::,2409:4053:79e:ffff:ffff:ffff:ffff:ffff,2409:4053::,Jio,IN,405,840
2a00:23c8:a690::,2a00:23c8:a690:ffff:ffff:ffff:ffff:ffff,2a00:23c8:8000::,BT,GB,234,76
196.236.171.0,196.236.172.255,196.236.0.0,Orange,TN,605,1
197.4.110.0,197.4.110.255,197.4.0.0,Orange,TN,605,1
2a02:9b0:8000::,2a02:9b0:8000:ffff:ffff:ffff:ffff:ffff,2a02:9b0:8000::,Mobily,SA,420,3
2600:1700:15d0::,2600:1700:15d0:ffff:ffff:ffff:ffff:ffff,2600:1700::,T-Mobile,US,310,53
97.103.50.0,97.103.50.255,97.103.0.0,Spectrum,US,312,500
2a01:5ec0:7002::,2a01:5ec0:7003:ffff:ffff:ffff:ffff:ffff,2a01:5ec0:4000::,MTN Irancell,IR,432,35
133.159.119.0,133.159.121.255,133.159.0.0,NTT docomo,JP,440,10
90.249.186.0,90.249.186.255,90.249.0.0,Vodafone UK,GB,234,15
102.148.39.0,102.148.40.255,102.148.0.0,Airtel,ZM,645,1
196.226.3.0,196.226.14.255,196.226.0.0,Orange,TN,605,1
94.25.138.80,94.25.138.111,94.25.0.0,Yota,RU,250,11
176.17.38.0,176.17.39.255,176.17.0.0,Mobily,SA,420,3
191.218.214.0,191.218.214.255,191.218.0.0,Oi,BR,724,30
2607:fc20:2b0c::,2607:fc20:2b0c:ffff:ffff:ffff:ffff:ffff,2607:fc20::,T-Mobile,US,310,160
95.145.227.0,95.145.227.255,95.145.0.0,T-Mobile UK,GB,234,30
105.81.25.0,105.81.26.255,105.81.0.0,Etisalat,EG,602,3
109.243.149.0,109.243.149.255,109.243.0.0,Play,PL,260,6
42.72.0.0,42.72.104.255,42.72.0.0,Chunghwa,TW,466,92
101.90.0.0,101.90.255.255,101.90.0.0,China Telecom,CN,460,11
2800:810:480::,2800:810:480:ffff:ffff:ffff:ffff:ffff,2800:810::,Personal,AR,722,34
2605:b100:227::,2605:b100:22d:ffff:ffff:ffff:ffff:ffff,2605:b100::,Bell,CA,302,640
101.101.0.0,101.101.63.255,101.101.0.0,Mobilis,NC,546,1
102.57.253.0,102.57.255.255,102.57.0.0,Etisalat,EG,602,3
2a02:c7f:988b::,2a02:c7f:988b:ffff:ffff:ffff:ffff:ffff,2a02:c7f:8000::,Sky Broadband,GB,234,57
95.144.253.0,95.144.253.255,95.144.0.0,EE,GB,235,1
169.239.99.0,169.239.99.255,169.239.0.0,TC,CF,623,2
191.210.160.0,191.210.191.255,191.210.0.0,Vivo,BR,724,10
2409:4050:2e31::,2409:4050:2e3e:ffff:ffff:ffff:ffff:ffff,2409:4050::,Jio,IN,405,840
189.94.0.0,189.94.255.255,189.94.0.0,Claro,BR,724,5
156.164.221.0,156.164.221.255,156.164.0.0,Etisalat,EG,602,3
106.206.56.0,106.206.56.255,106.206.0.0,AirTel,IN,404,2
112.198.211.0,112.198.211.255,112.198.0.0,Globe,PH,515,2
2401:4900:45b0::,2401:4900:45b1:ffff:ffff:ffff:ffff:ffff,2401:4900:4000::,Airtel,US,310,510
2001:b011:d000::,2001:b011:d000:ffff:ffff:ffff:ffff:ffff,2001:b011:c000::,FarEasTone,TW,466,1
174.244.20.0,174.244.31.255,174.244.0.0,Verizon,US,311,480
2607:fb90:ac1f::,2607:fb90:ac20:ffff:ffff:ffff:ffff:ffff,2607:fb90:8000::,T-Mobile,US,310,160
186.185.62.0,186.185.64.255,186.185.0.0,Telefonica Venezolana,VE,734,4
154.229.45.0,154.229.45.255,154.229.0.0,MTN,UG,641,10
106.66.8.0,106.66.9.255,106.66.0.0,IDEA,IN,404,24
102.6.179.0,102.6.179.255,102.6.0.0,Airtel,KE,639,3
105.88.68.0,105.88.68.255,105.88.0.0,Vodafone,EG,602,2
2804:7f4:c780::,2804:7f4:c780:ffff:ffff:ffff:ffff:ffff,2804:7f4:c000::,Claro,BR,724,5
2001:ee0:5436::,2001:ee0:5436:ffff:ffff:ffff:ffff:ffff,2001:ee0:4000::,MobiFone,VN,452,1
2a00:23c6:5615::,2a00:23c6:5615:ffff:ffff:ffff:ffff:ffff,2a00:23c6:4000::,BT,GB,234,76
2804:14c:d884::,2804:14c:d884:ffff:ffff:ffff:ffff:ffff,2804:14c:c000::,Claro,BR,724,5
67.69.76.0,67.69.76.255,67.69.0.0,Bell,CA,302,640
37.185.135.0,37.185.135.255,37.185.0.0,Skynet Belgium,BE,206,1
2001:4451:b0b::,2001:4451:b0b:ffff:ffff:ffff:ffff:ffff,2001:4451::,Globe,PH,515,2
86.189.153.0,86.189.153.255,86.189.0.0,BT,GB,234,76
166.224.64.0,166.224.191.255,166.224.0.0,U.S. Cellular,US,311,580
47.9.139.0,47.9.140.255,47.9.0.0,Jio,IN,405,871
2.24.82.0,2.24.82.255,2.24.0.0,T-Mobile UK,GB,234,30
2401:4900:1b83::,2401:4900:1b83:ffff:ffff:ffff:ffff:ffff,2401:4900::,Airtel,US,310,510
154.79.164.0,154.79.164.255,154.79.0.0,Airtel,KE,639,3
2a02:8440:5411::,2a02:8440:5413:ffff:ffff:ffff:ffff:ffff,2a02:8440:4000::,SFR,FR,208,8
154.155.190.0,154.155.190.255,154.155.0.0,Airtel,KE,639,3
95.187.184.0,95.187.187.255,95.187.0.0,SaudiNet,SA,420,1
188.146.79.0,188.146.137.255,188.146.0.0,T-Mobile,PL,260,2
204.112.13.0,204.112.13.255,204.112.0.0,MTS,CA,302,655
171.76.166.0,171.76.168.255,171.76.0.0,AirTel,IN,404,2
42.0.4.0,42.0.7.255,42.0.0.0,Robi,BD,470,2
176.248.137.0,176.248.137.255,176.248.0.0,Sky Broadband,GB,234,57
2.75.0.0,2.75.73.255,2.75.0.0,Kcell,KZ,401,2
178.98.227.0,178.98.247.255,178.98.0.0,T-Mobile UK,GB,234,30
196.67.72.0,196.67.72.255,196.67.0.0,IAM,MA,604,1
2409:4063:2305::,2409:4063:2305:ffff:ffff:ffff:ffff:ffff,2409:4063::,Jio,IN,405,840
142.169.193.0,142.169.193.255,142.169.0.0,Telus,CA,302,221
197.8.2.0,197.8.3.255,197.8.0.0,Orange,TN,605,1
197.179.30.0,197.179.31.255,197.179.0.0,Safaricom,KE,639,1
2409:4042:2788::,2409:4042:2789:ffff:ffff:ffff:ffff:ffff,2409:4042::,Jio,IN,405,840
196.50.12.0,196.50.12.255,196.50.0.0,Free,SN,608,2
2.26.51.0,2.26.51.255,2.26.0.0,EE,GB,235,1
2409:4061:88::,2409:4061:88:ffff:ffff:ffff:ffff:ffff,2409:4061::,Jio,IN,405,840
2601:14d:8500::,2601:14d:8500:ffff:ffff:ffff:ffff:ffff,2601:14d:8000::,T-Mobile,US,310,53
106.129.63.0,106.129.63.255,106.129.0.0,au,JP,440,50
157.47.63.0,157.47.63.255,157.47.0.0,Airtel,IN,404,49
102.144.15.0,102.144.15.255,102.144.0.0,Airtel,ZM,645,1
27.97.195.0,27.97.195.255,27.97.0.0,IDEA,IN,404,19
2409:4060:387::,2409:4060:388:ffff:ffff:ffff:ffff:ffff,2409:4060::,Jio,IN,405,840
5.173.68.0,5.173.68.255,5.173.0.0,Play,PL,260,6
102.58.48.0,102.58.49.255,102.58.0.0,Etisalat,EG,602,3
217.42.207.0,217.42.207.255,217.42.0.0,BT,GB,234,76
49.214.0.0,49.214.255.255,49.214.0.0,Taiwan Mobile,TW,466,97
2804:3d7c::,2804:3d7c:0:ffff:ffff:ffff:ffff:ffff,2804:3d7c::,Vivo,BR,724,6
2405:204:8505::,2405:204:8507:ffff:ffff:ffff:ffff:ffff,2405:204:8000::,Jio,IN,405,840
2405:204:2294::,2405:204:2294:ffff:ffff:ffff:ffff:ffff,2405:204::,Jio,IN,405,840
31.127.167.0,31.127.180.255,31.127.0.0,T-Mobile UK,GB,234,30
197.181.215.0,197.181.217.255,197.181.0.0,Safaricom,KE,639,2
37.29.84.0,37.29.84.255,37.29.0.0,MegaFon,RU,250,2
97.102.63.0,97.102.63.255,97.102.0.0,Spectrum,US,312,500
2001:ee0:4da2::,2001:ee0:4da2:ffff:ffff:ffff:ffff:ffff,2001:ee0:4000::,Viettel Mobile,VN,452,4
2803:9800:a444::,2803:9800:a444:ffff:ffff:ffff:ffff:ffff,2803:9800:8000::,Personal,AR,722,34
45.214.121.0,45.214.122.255,45.214.0.0,MTN,ZM,645,2
2603:9000:c905::,2603:9000:c905:ffff:ffff:ffff:ffff:ffff,2603:9000:c000::,T-Mobile,US,310,53
109.56.237.0,109.56.237.255,109.56.0.0,Hi3G Access AB,DK,238,6
2607:fb90:7d5a::,2607:fb90:7d5f:ffff:ffff:ffff:ffff:ffff,2607:fb90:4000::,T-Mobile,US,310,160
2409:4073:18a::,2409:4073:18a:ffff:ffff:ffff:ffff:ffff,2409:4073::,Jio,IN,405,840
2607:fb90:2e7e::,2607:fb90:2e7f:ffff:ffff:ffff:ffff:ffff,2607:fb90::,T-Mobile,US,310,160
105.53.91.0,105.53.96.255,105.53.0.0,Safaricom,KE,639,1
109.154.147.0,109.154.147.255,109.154.0.0,BT,GB,234,76
166.193.88.128,166.193.89.99,166.193.0.0,AT&T Mobility,US,310,410
117.224.0.0,117.224.0.255,117.224.0.0,cellone,IN,404,34
191.247.0.0,191.247.255.255,191.247.0.0,Claro,BR,724,5
2605:8d80:321::,2605:8d80:321:ffff:ffff:ffff:ffff:ffff,2605:8d80::,Rogers Wireless,CA,302,320
196.67.44.0,196.67.44.255,196.67.0.0,IAM,MA,604,1
2607:fb90:dcd::,2607:fb90:dcd:ffff:ffff:ffff:ffff:ffff,2607:fb90::,T-Mobile,US,310,160
2409:4061:78d::,2409:4061:78d:ffff:ffff:ffff:ffff:ffff,2409:4061::,Jio,IN,405,840
81.131.137.0,81.131.137.255,81.131.0.0,BT,GB,234,76
102.26.48.0,102.26.48.255,102.26.0.0,Orange,TN,605,1
37.37.118.0,37.37.123.255,37.37.0.0,zain KW,KW,419,2
2a00:20:2014::,2a00:20:201b:ffff:ffff:ffff:ffff:ffff,2a00:20::,Vodafone,HU,216,70
2401:4900:51d2::,2401:4900:51d2:ffff:ffff:ffff:ffff:ffff,2401:4900:4000::,Airtel,US,310,510
105.129.77.0,105.129.78.255,105.129.0.0,IAM,MA,604,1
2804:214:8404::,2804:214:8404:ffff:ffff:ffff:ffff:ffff,2804:214:8000::,TIM,BR,724,2
2001:268:e81f::,2001:268:e820:ffff:ffff:ffff:ffff:ffff,2001:268:c000::,au,JP,440,50
106.76.228.0,106.76.228.255,106.76.0.0,IDEA,IN,405,70
41.115.44.0,41.115.45.255,41.115.0.0,MTN,ZA,655,10
2607:fc20:e19f::,2607:fc20:e19f:ffff:ffff:ffff:ffff:ffff,2607:fc20:c000::,T-Mobile,US,310,160
2409:4052:783::,2409:4052:783:ffff:ffff:ffff:ffff:ffff,2409:4052::,Jio,IN,405,840
196.100.218.0,196.100.218.255,196.100.0.0,Safaricom,KE,639,1
2607:fb90:888a::,2607:fb90:888f:ffff:ffff:ffff:ffff:ffff,2607:fb90:8000::,T-Mobile,US,310,53
160.157.214.0,160.157.216.255,160.157.0.0,Orange,TN,605,1
83.73.0.0,83.73.255.255,83.73.0.0,Telenor,DK,238,2
2a00:23c8:291f::,2a00:23c8:291f:ffff:ffff:ffff:ffff:ffff,2a00:23c8::,BT,GB,234,76
196.108.203.0,196.108.203.255,196.108.0.0,Safaricom,KE,639,1
2804:43bc:81::,2804:43bc:81:ffff:ffff:ffff:ffff:ffff,2804:43bc::,Claro,BR,724,5
105.250.45.0,105.250.93.255,105.250.0.0,Vodacom,ZA,655,1
95.185.161.0,95.185.161.255,95.185.0.0,SaudiNet,SA,420,1
105.56.71.0,105.56.72.255,105.56.0.0,Safaricom,KE,639,1
37.142.5.0,37.142.6.255,37.142.0.0,HOTnet,IL,425,7
2a00:23c5:6409::,2a00:23c5:6409:ffff:ffff:ffff:ffff:ffff,2a00:23c5:4000::,BT,GB,234,76
154.154.248.0,154.154.248.255,154.154.0.0,Airtel,KE,639,3
190.89.91.0,190.89.91.255,190.89.0.0,Claro,BR,724,5
2409:4065:29e::,2409:4065:29e:ffff:ffff:ffff:ffff:ffff,2409:4065::,Jio,IN,405,840
197.9.236.0,197.9.241.255,197.9.0.0,Tunicell,TN,605,2
2001:56f:fe3d::,2001:56f:fe3f:ffff:ffff:ffff:ffff:ffff,2001:56f:c000::,Telus,CA,302,221
196.78.255.0,196.78.255.255,196.78.0.0,IAM,MA,604,1
174.228.27.0,174.228.63.255,174.228.0.0,Verizon,US,310,4
182.250.250.0,182.250.250.255,182.250.0.0,au,JP,440,50
105.48.75.0,105.48.75.255,105.48.0.0,Safaricom,KE,639,1
2a02:c7f:9234::,2a02:c7f:9234:ffff:ffff:ffff:ffff:ffff,2a02:c7f:8000::,Sky Broadband,GB,234,57
178.50.0.0,178.50.255.255,178.50.0.0,Orange Belgium,BE,206,10
190.63.118.0,190.63.119.255,190.63.0.0,Claro,EC,740,1
86.179.152.0,86.179.154.255,86.179.0.0,BT,GB,234,76
196.236.161.0,196.236.163.255,196.236.0.0,Orange,TN,605,1
105.52.124.0,105.52.129.255,105.52.0.0,Safaricom,KE,639,2
2a00:1370:8131::,2a00:1370:8131:ffff:ffff:ffff:ffff:ffff,2a00:1370:8000::,Yota,RU,250,11
105.62.37.0,105.62.37.255,105.62.0.0,Safaricom,KE,639,1
93.169.41.0,93.169.42.255,93.169.0.0,SaudiNet,SA,420,1
156.178.157.0,156.178.157.255,156.178.0.0,Etisalat,EG,602,3
45.116.124.0,45.116.127.255,45.116.0.0,cellone,IN,404,77
105.182.176.0,105.182.205.255,105.182.0.0,Orange,EG,602,1
78.95.65.0,78.95.66.255,78.95.0.0,Al Jawal (STC ),SA,420,1
62.18.5.0,62.18.5.255,62.18.0.0,TIM,IT,222,1
2405:204:971c::,2405:204:971c:ffff:ffff:ffff:ffff:ffff,2405:204:8000::,Jio,IN,405,840
94.143.76.0,94.143.79.255,94.143.0.0,Vodafone,ES,214,6
84.65.76.0,84.65.76.255,84.65.0.0,Vodafone UK,GB,234,7
2409:4062:2310::,2409:4062:2310:ffff:ffff:ffff:ffff:ffff,2409:4062::,Jio,IN,405,840
196.107.136.0,196.107.136.255,196.107.0.0,Safaricom,KE,639,2
178.168.244.0,178.168.244.255,178.168.0.0,MTS,BY,257,2
93.28.88.0,93.28.88.255,93.28.0.0,SFR,FR,208,8
2a02:c7f:8f03::,2a02:c7f:8f03:ffff:ffff:ffff:ffff:ffff,2a02:c7f:8000::,Sky Broadband,GB,234,57
107.255.221.106,107.255.222.54,107.255.0.0,AT&T Mobility,US,310,410
2804:14d:1c79::,2804:14d:1c7a:ffff:ffff:ffff:ffff:ffff,2804:14d::,Claro,BR,724,5
105.54.126.0,105.54.126.255,105.54.0.0,Safaricom,KE,639,1
166.137.209.149,166.137.209.149,166.137.0.0,AT&T Mobility,US,310,410
149.140.174.0,149.140.178.255,149.140.0.0,Vodafone,TR,286,2
2a02:a44c:658::,2a02:a44c:658:ffff:ffff:ffff:ffff:ffff,2a02:a44c::,KPN,NL,204,8
2001:ee0:5664::,2001:ee0:5664:ffff:ffff:ffff:ffff:ffff,2001:ee0:4000::,Viettel Mobile,VN,452,4
179.245.0.0,179.245.63.255,179.245.0.0,Vivo,BR,724,10
2.132.80.0,2.132.85.255,2.132.0.0,Beeline,KZ,401,1
111.125.154.0,111.125.155.255,111.125.0.0,Roshan,AF,412,20
159.146.42.0,159.146.42.255,159.146.0.0,Vodafone,TR,286,2
2401:4900:2707::,2401:4900:270c:ffff:ffff:ffff:ffff:ffff,2401:4900::,AirTel,IN,404,2
105.164.107.0,105.164.107.255,105.164.0.0,Safaricom,KE,639,2
2607:fc20:98e8::,2607:fc20:98e8:ffff:ffff:ffff:ffff:ffff,2607:fc20:8000::,T-Mobile,US,310,160
2401:4900:314e::,2401:4900:314e:ffff:ffff:ffff:ffff:ffff,2401:4900::,Bharti Airtel,IN,470,7
62.18.98.0,62.18.99.255,62.18.0.0,Telecom Italia Mobile,IT,220,1
102.146.206.0,102.146.207.255,102.146.0.0,Airtel,ZM,645,1
2804:214:8610::,2804:214:8619:ffff:ffff:ffff:ffff:ffff,2804:214:8000::,TIM,BR,724,2
196.155.0.0,196.155.255.255,196.155.0.0,Vodafone,EG,602,2
5.170.193.0,5.170.193.255,5.170.0.0,Telecom Italia Mobile,IT,220,1
46.213.57.0,46.213.61.255,46.213.0.0,Syriatel,SY,417,1
102.146.175.0,102.146.176.255,102.146.0.0,Airtel,ZM,645,1
157.49.150.0,157.49.150.255,157.49.0.0,Jio,IN,405,840
49.35.130.0,49.35.130.255,49.35.0.0,Jio,IN,405,863
181.64.241.0,181.64.241.255,181.64.0.0,Claro,PE,716,10
105.54.187.0,105.54.187.255,105.54.0.0,Safaricom,KE,639,2
188.139.209.0,188.139.211.255,188.139.0.0,Syriatel,SY,417,1
2405:204:8583::,2405:204:858f:ffff:ffff:ffff:ffff:ffff,2405:204:8000::,Jio,IN,405,840
81.154.84.0,81.154.84.255,81.154.0.0,BT,GB,234,76
166.137.115.100,166.137.115.111,166.137.0.0,IT&E Wireless,US,310,32
178.52.47.0,178.52.47.255,178.52.0.0,Syriatel,SY,417,1
176.251.231.0,176.251.231.255,176.251.0.0,Sky Broadband,GB,234,57
182.232.253.0,182.232.255.255,182.232.0.0,AIS,TH,520,3
102.58.250.0,102.58.251.255,102.58.0.0,Etisalat,EG,602,3
2607:fc20:e10c::,2607:fc20:e10c:ffff:ffff:ffff:ffff:ffff,2607:fc20:c000::,T-Mobile,US,310,160
89.200.0.0,89.200.63.255,89.200.0.0,KPN,NL,204,8
37.39.57.0,37.39.57.255,37.39.0.0,zain KW,KW,419,2
2601:8c1:8400::,2601:8c1:8400:ffff:ffff:ffff:ffff:ffff,2601:8c1:8000::,T-Mobile,US,310,53
102.56.74.0,102.56.74.255,102.56.0.0,Etisalat,EG,602,3
78.95.12.0,78.95.12.255,78.95.0.0,Mobily,SA,420,3
223.225.62.0,223.225.62.255,223.225.0.0,AirTel,IN,404,10
188.170.74.0,188.170.74.255,188.170.0.0,MegaFon pre-5G,RU,250,2
47.8.135.0,47.8.136.255,47.8.0.0,Jio,IN,405,840
2401:4900:17a0::,2401:4900:17ab:ffff:ffff:ffff:ffff:ffff,2401:4900::,AirTel,IN,404,2
160.157.76.0,160.157.78.255,160.157.0.0,Orange,TN,605,1
78.190.245.0,78.190.245.255,78.190.0.0,Vodafone,TR,286,2
102.59.232.0,102.59.232.255,102.59.0.0,Etisalat,EG,602,3
86.145.118.0,86.145.119.255,86.145.0.0,BT,GB,234,76
2607:fb90:5089::,2607:fb90:508f:ffff:ffff:ffff:ffff:ffff,2607:fb90:4000::,T-Mobile,US,310,53
2804:389:2012::,2804:389:2027:ffff:ffff:ffff:ffff:ffff,2804:389::,Claro,BR,724,5
2a00:1fa1:82f7::,2a00:1fa1:82f8:ffff:ffff:ffff:ffff:ffff,2a00:1fa1:8000::,MTS PJSC,RU,251,1
2804:14d:4c85::,2804:14d:4c86:ffff:ffff:ffff:ffff:ffff,2804:14d:4000::,Oi,BR,724,30
5.169.11.0,5.169.11.255,5.169.0.0,TIM,IT,222,1
41.113.198.0,41.113.198.255,41.113.0.0,MTN,ZA,655,10
166.193.75.0,166.193.76.103,166.193.0.0,AT&T Mobility,US,310,410
2600:381:3e::,2600:381:43:ffff:ffff:ffff:ffff:ffff,2600:381::,AT&T,US,310,16
41.13.105.0,41.13.107.255,41.13.0.0,Vodacom,ZA,655,1
2607:fb90:95be::,2607:fb90:95bf:ffff:ffff:ffff:ffff:ffff,2607:fb90:8000::,T-Mobile,US,310,160
166.197.2.104,166.197.2.111,166.197.0.0,AT&T Mobility,US,310,410
37.39.159.0,37.39.159.255,37.39.0.0,zain KW,KW,419,2
2001:4455:595::,2001:4455:595:ffff:ffff:ffff:ffff:ffff,2001:4455::,Sun Cellular,PH,515,5
41.75.220.0,41.75.223.255,41.75.0.0,Airtel,TZ,640,5
185.99.24.0,185.99.26.255,185.99.0.0,Truphone,GB,234,25
2804:d51:48ef::,2804:d51:48ef:ffff:ffff:ffff:ffff:ffff,2804:d51:4000::,Claro,BR,724,5
156.178.77.0,156.178.79.255,156.178.0.0,Etisalat,EG,602,3
2605:a000:1241::,2605:a000:1241:ffff:ffff:ffff:ffff:ffff,2605:a000::,Spectrum,US,312,500
2607:fb90:c855::,2607:fb90:c859:ffff:ffff:ffff:ffff:ffff,2607:fb90:c000::,T-Mobile,US,310,160
166.230.224.0,166.230.255.255,166.230.0.0,T-Mobile,US,310,260
174.255.214.0,174.255.214.255,174.255.0.0,Verizon,US,311,480
2607:fb90:5335::,2607:fb90:5336:ffff:ffff:ffff:ffff:ffff,2607:fb90:4000::,T-Mobile,US,310,160
196.236.58.0,196.236.60.255,196.236.0.0,Orange,TN,605,1
196.100.240.0,196.100.241.255,196.100.0.0,Safaricom,KE,639,2
105.56.85.0,105.56.89.255,105.56.0.0,Safaricom,KE,639,2
105.57.187.0,105.57.187.255,105.57.0.0,Safaricom,KE,639,1
31.64.187.0,31.64.187.255,31.64.0.0,EE,GB,235,1
107.255.186.205,107.255.187.20,107.255.0.0,AT&T Mobility,US,310,410
41.210.141.0,41.210.141.255,41.210.0.0,MTN,UG,641,10
165.50.136.0,165.50.143.255,165.50.0.0,Orange,TN,605,1
185.32.176.0,185.32.179.255,185.32.0.0,Hot Mobile,IL,425,7
213.142.96.0,213.142.96.255,213.142.0.0,T-Mobile Austria GmbH,AT,232,3
2601:2c0:467f::,2601:2c0:467f:ffff:ffff:ffff:ffff:ffff,2601:2c0:4000::,Metro,US,311,660
103.44.37.0,103.44.37.255,103.44.0.0,Smartfren,ID,510,9
2a00:23c6:3217::,2a00:23c6:3217:ffff:ffff:ffff:ffff:ffff,2a00:23c6::,BT,GB,234,76
2a00:1fa0:46a4::,2a00:1fa0:46a4:ffff:ffff:ffff:ffff:ffff,2a00:1fa0:4000::,MTS PJSC,RU,251,1
196.101.218.0,196.101.218.255,196.101.0.0,Safaricom,KE,639,2
105.51.5.0,105.51.5.255,105.51.0.0,Safaricom,KE,639,1
196.232.234.0,196.232.238.255,196.232.0.0,Orange,TN,605,1
81.153.239.0,81.153.240.255,81.153.0.0,BT,GB,234,76
178.108.232.0,178.108.232.255,178.108.0.0,EE,GB,235,1
189.218.236.0,189.218.239.255,189.218.0.0,Telcel,MX,334,20
2001:8f8:1f42::,2001:8f8:1f43:ffff:ffff:ffff:ffff:ffff,2001:8f8::,Emirates Telecommunications Corporation,AE,424,2
223.236.96.0,223.236.111.255,223.236.0.0,AirTel,IN,404,40
2600:8801:3983::,2600:8801:3983:ffff:ffff:ffff:ffff:ffff,2600:8801::,T-Mobile,US,310,53
102.16.54.0,102.16.54.255,102.16.0.0,Telma,MG,646,4
107.255.164.204,107.255.164.204,107.255.0.0,AT&T Mobility,US,310,410
196.86.238.0,196.86.238.255,196.86.0.0,IAM,MA,604,1
154.225.40.0,154.225.41.255,154.225.0.0,Airtel,UG,641,1
109.188.124.0,109.188.127.255,109.188.0.0,Yota,RU,250,11
109.56.23.0,109.56.23.255,109.56.0.0,Hi3G Access AB,DK,238,6
111.239.173.0,111.239.173.255,111.239.0.0,au,JP,440,50
105.88.196.0,105.88.196.255,105.88.0.0,Etisalat,EG,602,3
105.49.233.0,105.49.233.255,105.49.0.0,Safaricom,KE,639,1
45.212.142.0,45.212.144.255,45.212.0.0,MTN,ZM,645,2
2a02:c7f:3284::,2a02:c7f:3285:ffff:ffff:ffff:ffff:ffff,2a02:c7f::,Sky Broadband,GB,234,57
5.168.93.0,5.168.93.255,5.168.0.0,Telecom Italia Mobile,IT,220,1
2a02:c7f:7cda::,2a02:c7f:7cda:ffff:ffff:ffff:ffff:ffff,2a02:c7f:4000::,Sky Broadband,GB,234,57
112.134.253.0,112.134.253.255,112.134.0.0,Dialog,LK,413,2
105.231.49.0,105.231.51.255,105.231.0.0,Airtel,KE,639,3
2603:7081:2e40::,2603:7081:2e40:ffff:ffff:ffff:ffff:ffff,2603:7081::,Spectrum,US,312,500
196.187.209.0,196.187.209.255,196.187.0.0,Tunicell,TN,605,2
146.200.224.0,146.200.224.255,146.200.0.0,Plusnet,GB,234,0
201.144.174.0,201.144.174.255,201.144.0.0,Telmex,MX,334,20
2601:8c:8301::,2601:8c:8301:ffff:ffff:ffff:ffff:ffff,2601:8c:8000::,Verizon,US,310,4
105.81.9.0,105.81.9.255,105.81.0.0,Vodafone,EG,602,2
158.148.74.0,158.148.74.255,158.148.0.0,TIM,IT,222,1
95.187.45.0,95.187.45.255,95.187.0.0,Al Jawal (STC ),SA,420,1
196.96.37.0,196.96.37.255,196.96.0.0,Safaricom,KE,639,1
2409:4053:220e::,2409:4053:220e:ffff:ffff:ffff:ffff:ffff,2409:4053::,Jio,IN,405,840
2a02:c7f:30d0::,2a02:c7f:30d0:ffff:ffff:ffff:ffff:ffff,2a02:c7f::,Sky Broadband,GB,234,57
109.82.26.0,109.82.31.255,109.82.0.0,Mobily,SA,420,3
2804:18:1810::,2804:18:181f:ffff:ffff:ffff:ffff:ffff,2804:18::,Vivo,BR,724,6
78.37.19.0,78.37.19.255,78.37.0.0,Tele2,RU,250,20
95.184.37.0,95.184.37.255,95.184.0.0,SaudiNet,SA,420,1
2603:7080:3503::,2603:7080:3503:ffff:ffff:ffff:ffff:ffff,2603:7080::,Spectrum,US,312,500
189.66.0.0,189.66.255.255,189.66.0.0,TIM,BR,724,3
188.229.155.0,188.229.155.255,188.229.0.0,Syriatel,SY,417,1
84.70.156.0,84.70.156.255,84.70.0.0,Vodafone UK,GB,234,7
86.146.40.0,86.146.40.255,86.146.0.0,BT,GB,234,76
2401:4900:4922::,2401:4900:4924:ffff:ffff:ffff:ffff:ffff,2401:4900:4000::,AirTel,IN,404,2
2a01:cb16:2039::,2a01:cb16:203b:ffff:ffff:ffff:ffff:ffff,2a01:cb16::,Orange,FR,208,1
157.48.189.0,157.48.189.255,157.48.0.0,Jio,IN,405,854
2600:380:4d5a::,2600:380:4d5a:ffff:ffff:ffff:ffff:ffff,2600:380:4000::,AT&T,US,310,16
46.213.213.0,46.213.213.255,46.213.0.0,Syriatel,SY,417,1
2.27.125.0,2.27.126.255,2.27.0.0,EE,GB,235,1
37.186.40.0,37.186.40.255,37.186.0.0,ooredoo,QA,427,1
2a02:cb80:4005::,2a02:cb80:4005:ffff:ffff:ffff:ffff:ffff,2a02:cb80:4000::,Zain SA,SA,420,4
27.60.164.0,27.60.167.255,27.60.0.0,Airtel,IN,404,49
109.52.97.0,109.52.98.255,109.52.0.0,Telecom Italia Mobile,IT,220,1
197.19.9.0,197.19.9.255,197.19.0.0,OOREDOO TN,TN,605,3
178.52.110.0,178.52.111.255,178.52.0.0,MTN,SY,417,2
49.33.242.0,49.33.242.255,49.33.0.0,Jio,IN,405,874
2a04:cec0:1079::,2a04:cec0:1079:ffff:ffff:ffff:ffff:ffff,2a04:cec0::,Bouygues,FR,208,20
120.28.238.0,120.28.238.255,120.28.0.0,SMART,PH,515,3
2600:380:5f4c::,2600:380:5f4c:ffff:ffff:ffff:ffff:ffff,2600:380:4000::,AT&T,US,310,16
154.79.119.0,154.79.119.255,154.79.0.0,Safaricom,KE,639,1
179.254.68.0,179.254.75.255,179.254.0.0,Brasil Telecom GSM,BR,724,16
2a00:23c5:1902::,2a00:23c5:1902:ffff:ffff:ffff:ffff:ffff,2a00:23c5::,BT,GB,234,76
154.186.232.0,154.186.232.255,154.186.0.0,Vodafone,EG,602,2
47.31.168.0,47.31.169.255,47.31.0.0,Jio,IN,405,840
146.185.32.0,146.185.37.255,146.185.0.0,Touch,LB,415,3
84.67.127.0,84.67.127.255,84.67.0.0,Vodafone UK,GB,234,15
2403:6200:8832::,2403:6200:8833:ffff:ffff:ffff:ffff:ffff,2403:6200:8000::,AIS,TH,520,1
196.100.0.0,196.100.0.255,196.100.0.0,Safaricom,KE,639,1
77.137.95.0,77.137.95.255,77.137.0.0,HOTnet,IL,425,7
2409:4002:4d8f::,2409:4002:4d90:ffff:ffff:ffff:ffff:ffff,2409:4002:4000::,Jio,IN,405,840
97.37.45.0,97.37.56.255,97.37.0.0,Verizon,US,311,480
181.67.35.0,181.67.35.255,181.67.0.0,Claro,PE,716,10
102.29.82.0,102.29.82.255,102.29.0.0,Orange,TN,605,1
2409:4072:199::,2409:4072:19a:ffff:ffff:ffff:ffff:ffff,2409:4072::,Jio,IN,405,840
196.98.31.0,196.98.34.255,196.98.0.0,Safaricom,KE,639,2
2a00:801:749::,2a00:801:749:ffff:ffff:ffff:ffff:ffff,2a00:801::,Tele2,LT,246,3
90.254.103.0,90.254.103.255,90.254.0.0,Vodafone UK,GB,234,7
37.211.206.0,37.211.207.255,37.211.0.0,Ooredoo,MM,414,5
93.169.174.0,93.169.174.255,93.169.0.0,SaudiNet,SA,420,1
2600:1011:1009::,2600:1011:1009:ffff:ffff:ffff:ffff:ffff,2600:1011::,Verizon,US,310,4
114.79.32.0,114.79.32.255,114.79.0.0,Smartfren,ID,510,9
2600:380:4c2f::,2600:380:4c31:ffff:ffff:ffff:ffff:ffff,2600:380:4000::,AT&T,US,310,16
2600:380:b1cc::,2600:380:b1cc:ffff:ffff:ffff:ffff:ffff,2600:380:8000::,AT&T,US,310,16
2804:2164:806c::,2804:2164:806c:ffff:ffff:ffff:ffff:ffff,2804:2164:8000::,Vivo,BR,724,6
2600:1003:b840::,2600:1003:b86f:ffff:ffff:ffff:ffff:ffff,2600:1003:8000::,Verizon,US,310,4
42.106.114.0,42.106.115.255,42.106.0.0,Vodafone India,IN,404,1
2001:e68:5400::,2001:e68:5400:ffff:ffff:ffff:ffff:ffff,2001:e68:4000::,Celcom,MY,502,13
102.166.155.0,102.166.155.255,102.166.0.0,Safaricom,KE,639,1
2409:4073:29a::,2409:4073:29a:ffff:ffff:ffff:ffff:ffff,2409:4073::,Jio,IN,405,840
102.60.30.0,102.60.34.255,102.60.0.0,Etisalat,EG,602,3
2401:4900:332f::,2401:4900:332f:ffff:ffff:ffff:ffff:ffff,2401:4900::,Airtel,US,310,510
154.227.187.0,154.227.187.255,154.227.0.0,Airtel,UG,641,1
2a00:23c1:ba01::,2a00:23c1:ba01:ffff:ffff:ffff:ffff:ffff,2a00:23c1:8000::,BT,GB,234,76
178.90.224.0,178.90.225.255,178.90.0.0,Beeline,KZ,401,1
2401:4900:3a80::,2401:4900:3a80:ffff:ffff:ffff:ffff:ffff,2401:4900::,Airtel,US,310,510
86.168.86.0,86.168.86.255,86.168.0.0,BT,GB,234,76
2a02:c7f:6111::,2a02:c7f:6111:ffff:ffff:ffff:ffff:ffff,2a02:c7f:4000::,Sky Broadband,GB,234,57
14.204.0.0,14.204.0.255,14.204.0.0,China Unicom,CN,460,1
117.227.176.0,117.227.191.255,117.227.0.0,cellone,IN,404,76
103.199.22.0,103.199.23.255,103.199.0.0,MobiFone,VN,452,1
2a00:a040:195::,2a00:a040:195:ffff:ffff:ffff:ffff:ffff,2a00:a040::,Hot Mobile,IL,425,7
37.188.133.0,37.188.133.255,37.188.0.0,O2.CZ,CZ,230,2
190.239.52.0,190.239.52.255,190.239.0.0,Movistar,PE,716,6
223.224.8.0,223.224.8.255,223.224.0.0,Airtel,US,310,510
197.182.194.0,197.182.201.255,197.182.0.0,Safaricom,KE,639,2
188.236.183.0,188.236.183.255,188.236.0.0,Mobile Telecommunications Company,KW,419,3
2607:fc20:3b49::,2607:fc20:3b49:ffff:ffff:ffff:ffff:ffff,2607:fc20::,T-Mobile,US,310,160
197.180.33.0,197.180.33.255,197.180.0.0,Safaricom,KE,639,2
41.30.104.0,41.30.157.255,41.30.0.0,Vodacom,ZA,655,1
112.227.0.0,112.227.255.255,112.227.0.0,China Unicom,CN,460,1
2804:490:83d8::,2804:490:83d8:ffff:ffff:ffff:ffff:ffff,2804:490:8000::,Vivo,BR,724,6
2607:fb90:a343::,2607:fb90:a34f:ffff:ffff:ffff:ffff:ffff,2607:fb90:8000::,T-Mobile,US,310,53
2600:1700:2bf0::,2600:1700:2bf0:ffff:ffff:ffff:ffff:ffff,2600:1700::,Verizon,US,310,4
105.51.194.0,105.51.194.255,105.51.0.0,Safaricom,KE,639,2
37.121.26.0,37.121.32.255,37.121.0.0,Mobily,SA,420,3
102.58.117.0,102.58.118.255,102.58.0.0,Etisalat,EG,602,3
106.211.75.0,106.211.79.255,106.211.0.0,AirTel,IN,404,2
146.251.253.0,146.251.253.255,146.251.0.0,Mobily,SA,420,3
176.225.21.0,176.225.21.255,176.225.0.0,Mobily,SA,420,3
178.108.109.0,178.108.109.255,178.108.0.0,EE,GB,235,1
2600:1702:3d0::,2600:1702:3d0:ffff:ffff:ffff:ffff:ffff,2600:1702::,AT&T,US,310,16
171.76.201.0,171.76.201.255,171.76.0.0,Bharti Airtel,IN,470,7
2405:201:2012::,2405:201:2012:ffff:ffff:ffff:ffff:ffff,2405:201::,AirTel,IN,404,2
102.2.109.0,102.2.112.255,102.2.0.0,Airtel,KE,639,3
91.129.104.0,91.129.104.255,91.129.0.0,Tele2,EE,248,3
2603:8081:4d0b::,2603:8081:4d0b:ffff:ffff:ffff:ffff:ffff,2603:8081:4000::,Spectrum,US,312,500
37.121.119.0,37.121.119.255,37.121.0.0,Mobily,SA,420,3
2001:44c8:44ee::,2001:44c8:44ee:ffff:ffff:ffff:ffff:ffff,2001:44c8:4000::,AIS,TH,520,1
106.204.198.0,106.204.198.255,106.204.0.0,Bharti Airtel,IN,470,7
91.116.64.0,91.116.127.255,91.116.0.0,Orange,ES,214,3
2409:4072:6092::,2409:4072:6096:ffff:ffff:ffff:ffff:ffff,2409:4072:4000::,Jio,IN,405,840
181.9.120.0,181.9.140.255,181.9.0.0,Personal,AR,722,34
2001:268:e87d::,2001:268:e87d:ffff:ffff:ffff:ffff:ffff,2001:268:c000::,au,JP,440,50
81.148.179.0,81.148.179.255,81.148.0.0,BT,GB,234,76
79.106.95.0,79.106.95.255,79.106.0.0,Eagle Mobile,AL,276,3
2a04:cec0:1176::,2a04:cec0:1176:ffff:ffff:ffff:ffff:ffff,2a04:cec0::,Bouygues,FR,208,20
2a00:1fa1:8429::,2a00:1fa1:8429:ffff:ffff:ffff:ffff:ffff,2a00:1fa1:8000::,MTS PJSC,RU,251,1
176.201.112.0,176.201.112.255,176.201.0.0,TIM,IT,222,1
129.45.127.0,129.45.127.255,129.45.0.0,Optimum-Telecom-Algeria,DZ,603,2
41.73.104.0,41.73.110.255,41.73.0.0,Orange,ML,610,2
178.98.189.0,178.98.189.255,178.98.0.0,EE,GB,235,1
86.189.162.0,86.189.162.255,86.189.0.0,BT,GB,234,76
37.43.247.0,37.43.247.255,37.43.0.0,Mobily,SA,420,3
2405:3800:86f::,2405:3800:873:ffff:ffff:ffff:ffff:ffff,2405:3800::,U Mobile,MY,502,18
181.149.228.0,181.149.228.255,181.149.0.0,Claro,CO,732,101
196.109.5.0,196.109.5.255,196.109.0.0,Safaricom,KE,639,1
41.17.251.0,41.17.255.255,41.17.0.0,Vodacom,ZA,655,1
95.146.107.0,95.146.107.255,95.146.0.0,EE,GB,235,1
88.90.33.0,88.90.33.255,88.90.0.0,Telenor Norge AS,NO,242,1
5.213.0.0,5.213.255.255,5.213.0.0,IR-TCI (Hamrah-e-Avval),IR,432,11
152.206.173.0,152.206.175.255,152.206.0.0,CUBACEL,CU,368,1
49.14.126.0,49.14.127.255,49.14.0.0,IDEA,IN,404,4
2401:4900:473b::,2401:4900:473b:ffff:ffff:ffff:ffff:ffff,2401:4900:4000::,Airtel,US,310,510
2401:4900:3b05::,2401:4900:3b05:ffff:ffff:ffff:ffff:ffff,2401:4900::,AirTel,IN,404,2
2001:56f:fd46::,2001:56f:fd46:ffff:ffff:ffff:ffff:ffff,2001:56f:c000::,Telus,CA,302,221
102.1.39.0,102.1.39.255,102.1.0.0,Airtel,KE,639,3
176.203.186.0,176.203.186.255,176.203.0.0,ooredoo,QA,427,1
94.235.0.0,94.235.47.255,94.235.0.0,Trk Telekom,TR,286,3
2804:7f7:e483::,2804:7f7:e483:ffff:ffff:ffff:ffff:ffff,2804:7f7:c000::,TIM,BR,724,2
42.106.201.0,42.106.201.255,42.106.0.0,Vodafone India,IN,404,1
109.58.0.0,109.58.127.255,109.58.0.0,3,SE,240,2
37.217.218.0,37.217.223.255,37.217.0.0,Mobily,SA,420,3
102.63.203.0,102.63.203.255,102.63.0.0,Etisalat,EG,602,3
166.137.105.100,166.137.105.127,166.137.0.0,AT&T,US,310,410
27.59.167.0,27.59.168.255,27.59.0.0,Airtel,US,310,510
107.77.80.0,107.77.80.255,107.77.0.0,IT&E Wireless,US,310,32
81.129.93.0,81.129.93.255,81.129.0.0,BT,GB,234,76
2a00:1fa2:82c8::,2a00:1fa2:82c9:ffff:ffff:ffff:ffff:ffff,2a00:1fa2:8000::,MTS,RU,250,1
2001:fb1:33::,2001:fb1:33:ffff:ffff:ffff:ffff:ffff,2001:fb1::,True Online,TH,520,4
2a01:5ec0:7803::,2a01:5ec0:7804:ffff:ffff:ffff:ffff:ffff,2a01:5ec0:4000::,MTN Irancell,IR,432,35
156.164.170.0,156.164.170.255,156.164.0.0,Etisalat,EG,602,3
2402:8100:2180::,2402:8100:2185:ffff:ffff:ffff:ffff:ffff,2402:8100::,Vodafone Idea,IN,404,1
102.24.148.0,102.24.148.255,102.24.0.0,Tunicell,TN,605,2
2806:10a6:f::,2806:10a6:10:ffff:ffff:ffff:ffff:ffff,2806:10a6::,Telcel,MX,334,20
166.177.0.0,166.177.15.130,166.177.0.0,AT&T Mobility,US,310,410
2a02:c7f:60ea::,2a02:c7f:60ea:ffff:ffff:ffff:ffff:ffff,2a02:c7f:4000::,Sky Broadband,GB,234,57
2001:56f:ff6d::,2001:56f:ff6d:ffff:ffff:ffff:ffff:ffff,2001:56f:c000::,Telus,CA,302,221
105.61.50.0,105.61.55.255,105.61.0.0,Safaricom,KE,639,2
109.52.0.0,109.52.2.255,109.52.0.0,Telecom Italia Mobile,IT,220,1
2804:d45:9638::,2804:d45:9638:ffff:ffff:ffff:ffff:ffff,2804:d45:8000::,Vivo,BR,724,6
2409:4070:4784::,2409:4070:4784:ffff:ffff:ffff:ffff:ffff,2409:4070:4000::,Jio,IN,405,840
105.163.205.0,105.163.205.255,105.163.0.0,Safaricom,KE,639,1
2600:380:19b9::,2600:380:19b9:ffff:ffff:ffff:ffff:ffff,2600:380::,AT&T,US,310,16
86.87.49.0,86.87.49.255,86.87.0.0,KPN,NL,204,8
2409:4060:211a::,2409:4060:211a:ffff:ffff:ffff:ffff:ffff,2409:4060::,Jio,IN,405,840
154.156.249.0,154.156.249.255,154.156.0.0,Airtel,KE,639,3
196.106.29.0,196.106.29.255,196.106.0.0,Safaricom,KE,639,2
188.207.114.0,188.207.127.255,188.207.0.0,KPN,NL,204,8
105.231.194.0,105.231.194.255,105.231.0.0,Safaricom,KE,639,1
93.168.21.0,93.168.21.255,93.168.0.0,Al Jawal (STC ),SA,420,1
93.169.70.0,93.169.70.255,93.169.0.0,Al Jawal (STC ),SA,420,1
105.144.254.0,105.144.254.255,105.144.0.0,IAM,MA,604,1
116.12.3.0,116.12.3.255,116.12.0.0,NTT docomo,JP,440,10
31.92.37.0,31.92.39.255,31.92.0.0,T-Mobile UK,GB,234,30
2a02:c7f:bb67::,2a02:c7f:bb67:ffff:ffff:ffff:ffff:ffff,2a02:c7f:8000::,Sky Broadband,GB,234,57
107.255.242.90,107.255.242.121,107.255.0.0,AT&T Mobility,US,310,410
105.83.48.0,105.83.255.255,105.83.0.0,Etisalat,EG,602,3
80.214.201.0,80.214.201.255,80.214.0.0,Bouygues,FR,208,20
189.203.106.0,189.203.106.255,189.203.0.0,Telcel,MX,334,20
90.252.155.0,90.252.155.255,90.252.0.0,Vodafone UK,GB,234,7
2405:204:3406::,2405:204:340f:ffff:ffff:ffff:ffff:ffff,2405:204::,Jio,IN,405,840
2607:fb90:259e::,2607:fb90:259f:ffff:ffff:ffff:ffff:ffff,2607:fb90::,T-Mobile,US,310,53
105.61.174.0,105.61.174.255,105.61.0.0,Safaricom,KE,639,1
197.239.35.0,197.239.37.255,197.239.0.0,Airtel,UG,641,1
154.79.1.0,154.79.2.255,154.79.0.0,Safaricom,KE,639,1
197.218.110.0,197.218.113.255,197.218.0.0,Movitel,MZ,643,3
176.204.199.0,176.204.199.255,176.204.0.0,Etisalat,AE,424,2
94.195.100.0,94.195.100.255,94.195.0.0,Sky Broadband,GB,234,57
178.106.142.0,178.106.142.255,178.106.0.0,T-Mobile UK,GB,234,30
2401:4900:52f3::,2401:4900:52f3:ffff:ffff:ffff:ffff:ffff,2401:4900:4000::,Airtel,US,310,510
41.180.40.0,41.180.40.255,41.180.0.0,Vodacom,ZA,655,1
5.168.92.0,5.168.92.255,5.168.0.0,TIM,IT,222,1
196.87.211.0,196.87.223.255,196.87.0.0,IAM,MA,604,1
196.229.193.0,196.229.193.255,196.229.0.0,OOREDOO TN,TN,605,3
102.81.20.0,102.81.20.255,102.81.0.0,Airtel,UG,641,1
196.182.186.0,196.182.186.255,196.182.0.0,Moov,CI,612,2
196.110.111.0,196.110.111.255,196.110.0.0,Safaricom,KE,639,1
5.29.61.0,5.29.61.255,5.29.0.0,Hot Mobile,IL,425,7
2409:4060:88::,2409:4060:88:ffff:ffff:ffff:ffff:ffff,2409:4060::,Jio,IN,405,840
93.34.208.0,93.34.208.255,93.34.0.0,Fastweb,IT,222,8
197.183.138.0,197.183.139.255,197.183.0.0,Safaricom,KE,639,2
84.230.104.0,84.230.111.255,84.230.0.0,Elisa,FI,244,5
166.216.0.0,166.216.0.232,166.216.0.0,AT&T Mobility,US,310,410
2a01:73c0:83f::,2a01:73c0:83f:ffff:ffff:ffff:ffff:ffff,2a01:73c0::,Hot Mobile,IL,425,7
102.82.247.0,102.82.247.255,102.82.0.0,Airtel,UG,641,1
182.0.139.0,182.0.149.255,182.0.0.0,Telkomsel,ID,510,10
107.255.197.172,107.255.200.19,107.255.0.0,AT&T Mobility,US,310,410
176.201.94.0,176.201.97.255,176.201.0.0,Telecom Italia Mobile,IT,220,1
105.57.17.0,105.57.17.255,105.57.0.0,Safaricom,KE,639,1
31.108.0.0,31.108.255.255,31.108.0.0,T-Mobile UK,GB,234,30
223.204.236.0,223.204.236.255,223.204.0.0,AIS,TH,520,1
106.193.10.0,106.193.10.255,106.193.0.0,AirTel,IN,404,2
2a00:1fa0:2f5::,2a00:1fa0:2f5:ffff:ffff:ffff:ffff:ffff,2a00:1fa0::,MTS PJSC,RU,251,1
166.191.0.0,166.191.217.97,166.191.0.0,AT&T Mobility,US,310,410
106.206.79.0,106.206.79.255,106.206.0.0,Bharti Airtel,IN,470,7
2401:4900:169f::,2401:4900:169f:ffff:ffff:ffff:ffff:ffff,2401:4900::,Airtel,US,310,510
90.243.44.0,90.243.44.255,90.243.0.0,Vodafone UK,GB,234,7
154.155.146.0,154.155.147.255,154.155.0.0,Airtel,KE,639,3
2804:d45:16f5::,2804:d45:16f5:ffff:ffff:ffff:ffff:ffff,2804:d45::,Vivo,BR,724,6
196.88.155.0,196.88.155.255,196.88.0.0,IAM,MA,604,1
105.89.245.0,105.89.245.255,105.89.0.0,Etisalat,EG,602,3
37.166.130.0,37.166.146.255,37.166.0.0,Free,FR,208,15
172.58.64.0,172.58.66.255,172.58.0.0,T-Mobile,US,310,260
46.57.216.0,46.57.218.255,46.57.0.0,Syriatel,SY,417,1
102.81.24.0,102.81.24.255,102.81.0.0,MTN,UG,641,10
177.26.70.0,177.26.111.255,177.26.0.0,Vivo,BR,724,23
176.18.94.0,176.18.101.255,176.18.0.0,Mobily,SA,420,3
106.133.164.0,106.133.167.255,106.133.0.0,au,JP,440,50
2402:8100:24c0::,2402:8100:24c0:ffff:ffff:ffff:ffff:ffff,2402:8100::,Vodafone India,IN,404,1
5.109.246.0,5.109.246.255,5.109.0.0,Virgin Mobile,SA,420,5
197.197.43.0,197.197.43.255,197.197.0.0,Etisalat,EG,602,3
2800:cd0:5e90::,2800:cd0:5e90:ffff:ffff:ffff:ffff:ffff,2800:cd0:4000::,Tigo,BO,736,3
2804:7f2:88a::,2804:7f2:88b:ffff:ffff:ffff:ffff:ffff,2804:7f2::,Vivo,BR,724,6
5.77.108.0,5.77.108.255,5.77.0.0,Fastweb,IT,222,8
2a02:c7d:aeea::,2a02:c7d:aeea:ffff:ffff:ffff:ffff:ffff,2a02:c7d:8000::,Sky Broadband,GB,234,57
89.223.192.0,89.223.255.255,89.223.0.0,Vodafone,HU,216,70
181.108.198.0,181.108.199.255,181.108.0.0,Personal,AR,722,34
197.47.128.0,197.47.128.255,197.47.0.0,TE Data,EG,602,4
102.2.63.0,102.2.63.255,102.2.0.0,Airtel,KE,639,3
86.173.133.0,86.173.133.255,86.173.0.0,BT,GB,234,76
2404:8d00:403::,2404:8d00:409:ffff:ffff:ffff:ffff:ffff,2404:8d00::,dtac,TH,520,5
146.199.95.0,146.199.95.255,146.199.0.0,Plusnet,GB,234,0
178.152.182.0,178.152.183.255,178.152.0.0,ooredoo,QA,427,1
37.73.27.0,37.73.27.255,37.73.0.0,lifecell,UA,255,6
42.111.38.0,42.111.39.255,42.111.0.0,Vodafone India,IN,404,1
2401:4900:4116::,2401:4900:4116:ffff:ffff:ffff:ffff:ffff,2401:4900:4000::,Airtel,US,310,510
105.147.45.0,105.147.45.255,105.147.0.0,IAM,MA,604,1
2a01:cb11:800a::,2a01:cb11:800a:ffff:ffff:ffff:ffff:ffff,2a01:cb11:8000::,Orange,FR,208,1
178.97.70.0,178.97.76.255,178.97.0.0,T-Mobile UK,GB,234,30
2601:245:80::,2601:245:80:ffff:ffff:ffff:ffff:ffff,2601:245::,U.S. Cellular,US,310,66
2a02:c7d:3cfa::,2a02:c7d:3cfa:ffff:ffff:ffff:ffff:ffff,2a02:c7d::,Sky Broadband,GB,234,57
105.230.7.0,105.230.8.255,105.230.0.0,Safaricom,KE,639,1
178.108.74.0,178.108.74.255,178.108.0.0,EE,GB,235,1
2600:380:951d::,2600:380:951d:ffff:ffff:ffff:ffff:ffff,2600:380:8000::,AT&T,US,310,16
105.54.102.0,105.54.102.255,105.54.0.0,Safaricom,KE,639,1
2a00:1fa1:c254::,2a00:1fa1:c254:ffff:ffff:ffff:ffff:ffff,2a00:1fa1:c000::,MTS,RU,250,1
190.124.31.0,190.124.31.255,190.124.0.0,Digitel,VE,734,1
186.167.243.0,186.167.243.255,186.167.0.0,Digitel,VE,734,1
86.136.205.0,86.136.205.255,86.136.0.0,BT,GB,234,76
93.33.168.0,93.33.168.255,93.33.0.0,Fastweb,IT,222,8
2806:107e:21::,2806:107e:21:ffff:ffff:ffff:ffff:ffff,2806:107e::,Movistar,MX,334,30
85.74.14.0,85.74.14.255,85.74.0.0,OTEnet S.A.,GR,202,3
2804:5d80:8344::,2804:5d80:8344:ffff:ffff:ffff:ffff:ffff,2804:5d80:8000::,Claro,BR,724,5
2a00:1fa0:8454::,2a00:1fa0:8454:ffff:ffff:ffff:ffff:ffff,2a00:1fa0:8000::,MTS,RU,250,1
2600:1700:ff90::,2600:1700:ff90:ffff:ffff:ffff:ffff:ffff,2600:1700:c000::,T-Mobile,US,310,53
102.81.2.0,102.81.2.255,102.81.0.0,Airtel,UG,641,1
24.215.64.0,24.215.64.255,24.215.0.0,EastLink,CA,302,270
105.138.76.0,105.138.76.255,105.138.0.0,IAM,MA,604,1
2a02:8440:6210::,2a02:8440:6211:ffff:ffff:ffff:ffff:ffff,2a02:8440:4000::,SFR,FR,208,8
2800:484:9a88::,2800:484:9a88:ffff:ffff:ffff:ffff:ffff,2800:484:8000::,Tigo,CO,732,20
196.104.211.0,196.104.211.255,196.104.0.0,Safaricom,KE,639,2
2607:fb90:7289::,2607:fb90:7289:ffff:ffff:ffff:ffff:ffff,2607:fb90:4000::,T-Mobile,US,310,53
77.67.237.0,77.67.238.255,77.67.0.0,Turkcell,TR,286,1
39.6.0.0,39.6.255.255,39.6.0.0,olleh,KR,450,8
2001:8f8:1d52::,2001:8f8:1d54:ffff:ffff:ffff:ffff:ffff,2001:8f8::,Etisalat,AF,412,50
102.63.107.0,102.63.108.255,102.63.0.0,Etisalat,EG,602,3
81.153.39.0,81.153.39.255,81.153.0.0,BT,GB,234,76
81.152.221.0,81.152.221.255,81.152.0.0,BT,GB,234,76
27.62.91.0,27.62.91.255,27.62.0.0,AirTel,IN,404,2
105.58.229.0,105.58.229.255,105.58.0.0,Safaricom,KE,639,2
37.43.245.0,37.43.245.255,37.43.0.0,Mobily,SA,420,3
157.32.93.0,157.32.93.255,157.32.0.0,Jio,IN,405,840
240a:7:4918::,240a:7:491a:ffff:ffff:ffff:ffff:ffff,240a:7:4000::,NTT docomo,JP,440,10
